/*
MySQL Backup
Source Server Version: 5.6.17
Source Database: test
Date: 2015/12/30 11:14:58
*/

SET FOREIGN_KEY_CHECKS=0;

-- ----------------------------
--  Table structure for `tb_bi_menu`
-- ----------------------------
DROP TABLE IF EXISTS `tb_bi_menu`;
CREATE TABLE `tb_bi_menu` (
  `menu_id` varchar(10) NOT NULL,
  `menu_name` varchar(50) DEFAULT NULL,
  `parent_id` varchar(10) DEFAULT NULL,
  `url` varchar(1024) DEFAULT NULL,
  `remark` varchar(100) DEFAULT NULL,
  `position` decimal(3,0) DEFAULT NULL,
  `icon` decimal(3,0) DEFAULT NULL,
  `url_target` decimal(1,0) DEFAULT '0',
  `delete_flag` decimal(1,0) DEFAULT '0',
  `modify_user` varchar(50) DEFAULT NULL,
  `modify_time` date DEFAULT NULL,
  `show_flag` decimal(1,0) DEFAULT '0'
) ENGINE=InnoDB DEFAULT CHARSET=utf8;

-- ----------------------------
--  Table structure for `t_complat_group`
-- ----------------------------
DROP TABLE IF EXISTS `t_complat_group`;
CREATE TABLE `t_complat_group` (
  `IID` int(11) NOT NULL,
  `NAME` varchar(20) NOT NULL,
  `PID` int(11) DEFAULT NULL,
  `SPEC` varchar(255) DEFAULT NULL
) ENGINE=InnoDB DEFAULT CHARSET=utf8;

-- ----------------------------
--  Table structure for `t_complat_menuinfo`
-- ----------------------------
DROP TABLE IF EXISTS `t_complat_menuinfo`;
CREATE TABLE `t_complat_menuinfo` (
  `IID` int(11) NOT NULL,
  `NAME` varchar(20) NOT NULL,
  `LINK_URL` varchar(50) DEFAULT NULL,
  `MENU_LEVEL` int(11) DEFAULT NULL,
  `PID` int(11) DEFAULT NULL,
  `VALID` int(11) DEFAULT NULL,
  `SEQUENCE_INDEX` int(11) DEFAULT NULL,
  `IS_CHECKED` int(11) DEFAULT NULL,
  `MODULE_ID` varchar(20) DEFAULT NULL
) ENGINE=InnoDB DEFAULT CHARSET=utf8;

-- ----------------------------
--  Table structure for `t_complat_right`
-- ----------------------------
DROP TABLE IF EXISTS `t_complat_right`;
CREATE TABLE `t_complat_right` (
  `IID` int(11) NOT NULL,
  `PID` int(11) DEFAULT NULL,
  `MODULE_ID` varchar(20) DEFAULT NULL,
  `MODULE_NAME` varchar(20) DEFAULT NULL,
  `FUNCTION_ID` varchar(20) DEFAULT NULL,
  `FUNCTION_NAME` varchar(20) DEFAULT NULL
) ENGINE=InnoDB DEFAULT CHARSET=utf8;

-- ----------------------------
--  Table structure for `t_complat_role`
-- ----------------------------
DROP TABLE IF EXISTS `t_complat_role`;
CREATE TABLE `t_complat_role` (
  `IID` int(11) NOT NULL,
  `NAME` varchar(20) NOT NULL,
  `IS_DEFAULT` int(11) DEFAULT NULL,
  `TYPE` int(11) DEFAULT NULL,
  `SPEC` varchar(255) DEFAULT NULL
) ENGINE=InnoDB DEFAULT CHARSET=utf8;

-- ----------------------------
--  Table structure for `t_complat_rolerelation`
-- ----------------------------
DROP TABLE IF EXISTS `t_complat_rolerelation`;
CREATE TABLE `t_complat_rolerelation` (
  `IID` int(11) NOT NULL,
  `ROLE_ID` int(11) DEFAULT NULL,
  `USER_ID` int(11) DEFAULT NULL,
  `GROUP_ID` int(11) DEFAULT NULL
) ENGINE=InnoDB DEFAULT CHARSET=utf8;

-- ----------------------------
--  Table structure for `t_complat_roleright`
-- ----------------------------
DROP TABLE IF EXISTS `t_complat_roleright`;
CREATE TABLE `t_complat_roleright` (
  `IID` int(11) NOT NULL,
  `ROLE_ID` int(11) DEFAULT NULL,
  `RIGHT_ID` int(11) DEFAULT NULL
) ENGINE=InnoDB DEFAULT CHARSET=utf8;

-- ----------------------------
--  Table structure for `t_complat_user`
-- ----------------------------
DROP TABLE IF EXISTS `t_complat_user`;
CREATE TABLE `t_complat_user` (
  `IID` int(11) NOT NULL AUTO_INCREMENT,
  `LOGIN_NAME` varchar(20) DEFAULT NULL,
  `PWD` varchar(40) DEFAULT NULL,
  `NAME` varchar(20) DEFAULT NULL,
  `SEX` int(11) DEFAULT NULL,
  `CREATE_TIME` varchar(20) DEFAULT NULL,
  `GROUP_ID` int(11) DEFAULT NULL,
  `MOBILE` varchar(20) DEFAULT NULL,
  `PHONE` varchar(20) DEFAULT NULL,
  `FAX` varchar(20) DEFAULT NULL,
  `EMAIL` varchar(50) DEFAULT NULL,
  `QQ` varchar(20) DEFAULT NULL,
  `MSN` varchar(20) DEFAULT NULL,
  `ADDRESS` varchar(40) DEFAULT NULL,
  `POST` varchar(10) DEFAULT NULL,
  `ENABLE` int(11) DEFAULT NULL,
  `USER_TYPE` int(11) DEFAULT NULL,
  `AGE` int(11) DEFAULT NULL,
  PRIMARY KEY (`IID`)
) ENGINE=InnoDB AUTO_INCREMENT=42 DEFAULT CHARSET=utf8;

-- ----------------------------
--  Records 
-- ----------------------------
INSERT INTO `tb_bi_menu` VALUES ('12860','混合包日报','10130','fixedReport.do?fixedReportId=105720','混合包日报','5','1','0','0',NULL,NULL,'0'), ('12873','PC网游分业务分渠道统计日报','13845','fixedReport.do?fixedReportId=105760','PC网游分业务分渠道统计日报','0','1','0','0',NULL,'2015-12-25','0'), ('12927','SDK分版本收入日报','11105','fixedReport.do?fixedReportId=105800','SDK分版本收入日报','4','1','0','0',NULL,NULL,'0'), ('12967','渠道导入','12966','fileImport.do?impConfId=10361','渠道导入','0','1','0','1','freedom',NULL,'0'), ('13061','一线客服投诉','10134',NULL,'一线客服投诉','6','0','0','0',NULL,NULL,'0'), ('13062','批量查询(单号码)','13061','fixedReport.do?fixedReportId=105926','一线投诉批量查询(单号码)','0','1','0','0',NULL,NULL,'0'), ('13063','批量查询（多号码）','13061','fixedReport.do?fixedReportId=105927&af=yiXianKfNumber','一线投诉批量查询（多号码）','1','1','0','0',NULL,'2015-12-25','0'), ('13064','分业务日报','13061','fixedReport.do?fixedReportId=105928','一线投诉分业务日报','2','1','0','0',NULL,NULL,'0'), ('13065','分渠道日报','13061','fixedReport.do?fixedReportId=105929&af=yiXianKfChannel','一线投诉分渠道日报','3','1','0','0',NULL,NULL,'0'), ('13066','分道具日报','13061','fixedReport.do?fixedReportId=105930','一线投诉分道具日报','4','1','0','0',NULL,NULL,'0'), ('13067','游戏大厅客户端升级日报','13497','fixedReport.do?fixedReportId=105924','游戏大厅客户端升级日报','0','1','0','0',NULL,NULL,'1'), ('13068','游戏大厅客户端升级月报','13497','fixedReport.do?fixedReportId=105925','游戏大厅客户端升级月报','1','1','0','0',NULL,NULL,'1'), ('13084','展厅排行配置','11014','realTimeMonitor.do','展厅排行配置','3','1','0','0',NULL,NULL,'0'), ('10403','游戏大厅汇总日报','14366','fixedReport.do?fixedReportId=100360','游戏大厅汇总日报','0','1','0','0',NULL,NULL,'0'), ('13101','目标用户数据提取','5',NULL,'目标用户数据提取','3','0','0','0',NULL,NULL,'0'), ('13102','用户数据','13101',NULL,'用户数据','0','0','0','0',NULL,NULL,'0'), ('13103','业务数据','13101',NULL,'业务数据','1','0','0','0',NULL,NULL,'0'), ('10408','游戏业务发展日报 ','10398','fixedReport.do?fixedReportId=100364','游戏业务发展日报 ','4','1','0','1','sunmeng',NULL,'0'), ('10452','图文分业务日报','10398','fixedReport.do?fixedReportId=100365','图文分业务日报','5','1','0','1','sunmeng',NULL,'0'), ('10410','地方玩家日报数据导入','10409','playerUploadManage.do?title=地方玩家日报数据导入','地方玩家日报数据导入','0','1','0','0',NULL,NULL,'0'), ('10432','用户URL链接配置','10412','userUrl.do','用户URL链接配置','0','1','0','0',NULL,NULL,'0'), ('10434','用户URL轨迹报表','10433','userUrl.do?reportUserUrl=','用户URL轨迹报表','0','1','0','0',NULL,NULL,'0'), ('10782','用户数据转换任务审批','10472','auditTask.do?auditTaskDto.ataskType=3 ','用户数据转换任务审批','0','1','0','0',NULL,NULL,'0'), ('10473','用户伪码转手机号码','10472','convertTask.do?convertId=1000','用户伪码转手机号码','1','1','0','0',NULL,NULL,'0'), ('11074','圈圈代码转手机号码','10472','convertTask.do?convertId=1001','圈圈代码转手机号码','2','1','0','0',NULL,NULL,'0'), ('13104','任务列表','13101',NULL,'任务列表','2','0','0','0',NULL,NULL,'0'), ('13105','我的任务','13104','datareport/taskList.do','我的任务','0','1','0','0',NULL,NULL,'0'), ('13106','游戏大厅','13102','datareport/userdata.do','游戏大厅','0','1','0','0',NULL,NULL,'0'), ('10777','手机号码归属地查询','10472','convertTask.do?convertId=1002','手机号码归属地查询','3','1','0','0',NULL,NULL,'0'), ('10779','手机号码转用户伪码','10472','convertTask.do?convertId=1004','手机号码转用户伪码','4','1','0','0',NULL,NULL,'0'), ('10476','实时付费报表','10475','relfeeReport.do','实时付费报表','0','1','0','0',NULL,NULL,'0'), ('10959','侧增加结算数据删除 ','10493','increaseSideSettle.do?ceAddDelData=','侧增加结算数据删除 ','0','1','0','0',NULL,NULL,'0'), ('10735','分SP调整后核减文件导入','10493','fileImport.do?impConfId=10020','分SP调整后核减文件导入','1','1','0','0',NULL,NULL,'0'), ('10494','结算源数据导入','10493','increaseSideSettle.do','结算源数据导入','2','1','0','0',NULL,NULL,'0'), ('13205','SDK使用时长分布日报','14206','fixedReport.do?fixedReportId=121002','合作方SDK业务使用时长分布日报','0','1','0','0',NULL,NULL,'0'), ('13701','手机网页网游收入实时监控报表','10475','fixedReport.do?fixedReportId=121155','手机网页网游收入实时监控报表','1','1','0','0',NULL,NULL,'0'), ('10553','内容业务','10552','fixedReport.do?fixedReportId=100425','内容业务','1','1','0','0',NULL,NULL,'0'), ('10853','收入分析','10594',NULL,'收入分析','2','0','0','0',NULL,NULL,'0'), ('10895','产品分析','10594',NULL,'产品分析','4','0','0','0',NULL,NULL,'0'), ('10773','门户分析','10594',NULL,'门户分析','3','0','0','0',NULL,NULL,'0'), ('10899','渠道分析','10594',NULL,'渠道分析','5','0','0','0',NULL,NULL,'0'), ('10595','总体分析','10594','totalReport.do','总体分析','0','1','0','0',NULL,NULL,'0'), ('10672','自动化数据任务审批','10692','auditTask.do','自动化数据任务审批','0','1','0','0',NULL,NULL,'0'), ('10875','用户分析','10773','portal/userReport.do','用户分析','0','1','0','0',NULL,NULL,'0'), ('10592','总体分析','10773','portal/summaryReport.do','总体分析','1','1','0','0',NULL,NULL,'0'), ('10653','URL分析','10773','userUrl.do?reportUserUrl=','URL分析','2','1','0','0',NULL,NULL,'0'), ('10652','实时分析','10773','androidReport.do','实时分析','3','1','0','0',NULL,NULL,'0'), ('10792','时段分析','10773','portal/periodReport.do ','时段分析','4','1','0','0',NULL,NULL,'0'), ('11054','SPM汇总分析','10773','spm/summaryReport.do','SPM汇总分析','5','1','0','0',NULL,NULL,'0'), ('11055','SPM详情分析','10773','spm/detailReport.do ','SPM详情分析','6','1','0','0',NULL,NULL,'0'), ('10784','自动化提取任务日志','10776','fixedReport.do?fixedReportId=100567','自动化提取任务日志','0','1','0','0',NULL,NULL,'0'), ('10785','数据转换任务日志','10776','fixedReport.do?fixedReportId=100568','数据转换任务日志','1','1','0','0',NULL,NULL,'0'), ('10786','提取任务审核日志','10776','fixedReport.do?fixedReportId=100565','提取任务审核日志','2','1','0','0',NULL,NULL,'0'), ('10787','提取数据源操作日志','10776','fixedReport.do?fixedReportId=100569','提取数据源操作日志','3','1','0','0',NULL,NULL,'0'), ('10783','模板式提取任务日志','10776','fixedReport.do?fixedReportId=100566','模板式提取任务日志','4','1','0','0',NULL,NULL,'0'), ('10834','PC门户','13477','fixedReport.do?fixedReportId=100605','PC门户日报','0','1','0','0',NULL,NULL,'1'), ('10835','分产品','10833','fixedReport.do?fixedReportId=100606 ','门户产品日报','0','1','0','0',NULL,NULL,'0'), ('10836','wap门户日报','13477','fixedReport.do?fixedReportId=100607','wap门户日报','1','1','0','0',NULL,NULL,'1'), ('10854','总体收入','10853','incomeReport.do','总体收入','0','1','0','0',NULL,NULL,'0'), ('10856','渠道收入','10853','channelIncomeReport.do','渠道收入','1','1','0','0',NULL,NULL,'0'), ('10859','产品收入','10853','income/service.do','产品收入','2','1','0','0',NULL,NULL,'0'), ('10860','付费习惯','10853','income/payHabit.do','付费习惯','3','1','0','0',NULL,NULL,'0'), ('10857','门户渠道对应关系导入','10855','fileImport.do?impConfId=10040 ','门户渠道对应关系导入','0','1','0','0',NULL,NULL,'0'), ('10858','门户渠道对应关系配置','10855','portalchannel.do','门户渠道对应关系配置','1','1','0','0',NULL,NULL,'0'), ('10934','批量用户行为分析','10861','userActTask.do','批量用户行为分析','0','1','0','0',NULL,NULL,'0'), ('10862','用户行为分析','10861','userTraceTask.do','用户行为分析','1','1','0','0',NULL,NULL,'0'), ('10897','单机分析','10895','product/singelReport.do','单机分析','0','1','0','0',NULL,NULL,'0'), ('10896','总体分析','10895','product/summaryReport.do','总体分析','1','1','0','0',NULL,NULL,'0'), ('10898','网游分析','10895','product/onlineReport.do','网游分析','2','1','0','0',NULL,NULL,'0'), ('10973','精品单机明细分析','10895','product/singleGameReport.do','精品单机明细分析','3','1','0','0',NULL,NULL,'0'), ('10974','重点网游明细分析','10895','product/onlineGameReport.do','重点网游明细分析','4','1','0','0',NULL,NULL,'0'), ('10900','渠道门户','10899','channel/portalReport.do','渠道门户','0','1','0','0',NULL,NULL,'0'), ('10901','渠道产品','10899','channel/productReport.do','渠道产品','1','1','0','0',NULL,NULL,'0'), ('10902','渠道终端','10899','channel/terminalReport.do','渠道终端','2','1','0','0',NULL,NULL,'0'), ('10954','独立包整体分析','12421','package/summaryReport.do','独立包整体分析','0','1','0','0',NULL,NULL,'0'), ('10955','独立包分省分析','12421','package/provinceReport.do','独立包分省分析','2','1','0','0',NULL,NULL,'0'), ('10958','独立包明细分析','12421','package/detailReport.do','独立包明细分析','1','1','0','0',NULL,NULL,'0'), ('10968','分省收入异常监控 ','10967','proIncomeMonitor.do ','分省收入异常监控 ','0','1','0','0',NULL,NULL,'0'), ('11013','微端日报','13477','fixedReport.do?fixedReportId=100786','微端日报','2','1','0','0',NULL,NULL,'1'), ('11033','展厅渠道类型导入','11014','fileImport.do?impConfId=10080','展厅渠道类型导入','0','1','0','0',NULL,NULL,'0'), ('11034','展厅业务名称导入','11014','fileImport.do?impConfId=10100','展厅业务名称导入','1','1','0','0',NULL,NULL,'0'), ('11053','展厅渠道业务大类导入','11014','fileImport.do?impConfId=10120','展厅渠道业务大类导入','2','1','0','0',NULL,NULL,'0'), ('11137','游戏下载分析','11093','gamehall/downReport.do','游戏下载分析','4','1','0','0',NULL,NULL,'0'), ('11138','转化率分析 ','11093',NULL,'转化率分析 ','5','0','0','0',NULL,NULL,'0'), ('11094','总体分析','11093','gamehall/summaryReport.do','总体分析','0','1','0','0',NULL,NULL,'0'), ('11100','流失及留存','11093',NULL,'流失及留存','3','0','0','0',NULL,NULL,'0'), ('11133','收入分析 ','11093',NULL,'收入分析 ','2','0','0','1','freedom',NULL,'0'), ('11095','客户端分析','11093','gamehall/clientReport.do','客户端分析','2','1','0','1','freedom',NULL,'0'), ('11096','版本分析','11093',NULL,'版本分析','2','0','0','0',NULL,NULL,'0'), ('11097','总体分析 ','11096','gamehall/beta/totalReport.do','总体分析 ','0','1','0','0',NULL,NULL,'0'), ('11098','栏目分析','11096','gamehall/beta/columnReport.do','栏目分析','1','1','0','0',NULL,NULL,'0'), ('11099','营销广告分析','11096','gamehall/beta/marketReport.do','营销广告分析','2','1','0','0',NULL,NULL,'0'), ('11101','留存用户分析','11100','gamehall/user/remainReport.do','留存用户分析','0','1','0','0',NULL,NULL,'0'), ('11102','流失用户分析','11100','gamehall/user/lostReport.do','流失用户分析','1','1','0','0',NULL,NULL,'0'), ('11103','回访用户分析','11100','gamehall/user/backVisitReport.do','回访用户分析','2','1','0','0',NULL,NULL,'0'), ('11104','回流用户分析','11100','gamehall/user/backFlowReport.do','回流用户分析','3','1','0','0',NULL,NULL,'0'), ('11154','包月SDK业务月报','14237','fixedReport.do?fixedReportId=100925','包月SDK业务月报','1','1','0','0',NULL,NULL,'1'), ('11153','包月SDK业务日报','14237','fixedReport.do?fixedReportId=100905','包月SDK业务日报','0','1','0','0',NULL,NULL,'1'), ('11106','智能机SDK汇总日报','14218','fixedReport.do?fixedReportId=100825','智能机SDK汇总日报','0','1','0','0',NULL,NULL,'1'), ('11107','智能机SDK汇总月报','14218','fixedReport.do?fixedReportId=100846','智能机SDK汇总月报','1','1','0','0',NULL,NULL,'1');
INSERT INTO `tb_bi_menu` VALUES ('11108','智能机分业务SDK日报','14219','fixedReport.do?fixedReportId=100847','智能机分业务SDK日报','0','1','0','0',NULL,NULL,'1'), ('11109','智能机分业务SDK月报 ','14219','fixedReport.do?fixedReportId=100828','智能机分业务SDK月报 ','1','1','0','0',NULL,NULL,'1'), ('11110','智能机SDK分业务分渠道日报','14220','fixedReport.do?fixedReportId=100829','智能机SDK分业务分渠道日报','0','1','0','0',NULL,NULL,'1'), ('11111','智能机SDK分业务分渠道月报','14220','fixedReport.do?fixedReportId=100830','智能机SDK分业务分渠道月报','1','1','0','0',NULL,NULL,'1'), ('11134','收入分析','11093','gamehall/income/totalReport.do','收入分析','1','1','0','0',NULL,NULL,'0'), ('11135','渠道收入','11133','gamehall/income/channelReport.do','渠道收入','0','1','0','1','freedom',NULL,'0'), ('11136','产品收入 ','11133','gamehall/income/productReport.do','产品收入 ','1','1','0','1','freedom',NULL,'0'), ('11139','付费转化率分析','11138','gamehall/conversion/payReport.do','付费转化率分析','0','1','0','0',NULL,NULL,'0'), ('11140','下载转化率分析','11138','gamehall/conversion/downReport.do','下载转化率分析','1','1','0','0',NULL,NULL,'0'), ('11142','运营异常监控','11141','operaterMonitor.do','运营异常监控','0','1','0','0',NULL,NULL,'0'), ('11144','单机异常监控','11143','fixedReport.do?fixedReportId=100885','单机异常监控日报','0','1','0','0',NULL,NULL,'0'), ('11145','网游异常监控','11143','fixedReport.do?fixedReportId=100886','网游异常监控日报','1','1','0','0',NULL,NULL,'0'), ('12180','test','0',NULL,'test','5','0','0','1','huolejing',NULL,'0'), ('12181','test2','12180',NULL,'test2','0','0','0','1','huolejing',NULL,'0'), ('12200','aa','0',NULL,NULL,'7','1','0','1','freedom',NULL,'0'), ('12201','test','0',NULL,NULL,'7','0','1','1','freedom',NULL,'0'), ('12202','test2','12201',NULL,NULL,'0','0','0','1','freedom',NULL,'0'), ('12203','aa','12201','fixedReport.do?fixedReportId=100260',NULL,'1','1','0','1','freedom',NULL,'0'), ('12204','bb','12202','fixedReport.do?fixedReportId=100260',NULL,'0','1','1','1','freedom',NULL,'0'), ('12220','游戏玩家主题分析','10',NULL,'游戏玩家主题分析','2','0','0','0',NULL,NULL,'0'), ('12221','玩家发展总览','12220','play/summaryReport.do','玩家发展总览','0','1','0','0',NULL,NULL,'0'), ('12222','付费用户分析','12220',NULL,'付费用户分析','1','0','0','0',NULL,NULL,'0'), ('12223','用户生命周期','12222','play/lifeReport.do','用户生命周期','0','1','0','0',NULL,NULL,'0'), ('12224','体验用户付费','12222','play/experienceReport.do','体验用户付费','1','1','0','0',NULL,NULL,'0'), ('12225','付费用户分析','12222','play/payReport.do','付费用户分析','2','1','0','0',NULL,NULL,'0'), ('12226','主题分析日志','10114','themeLogList.do','主题分析日志','3','1','0','0',NULL,NULL,'0'), ('12227','运营分析指标','10120',NULL,'运营分析指标','0','0','0','0','freedom',NULL,'0'), ('12228','日报','12227',NULL,'日报','0','0','0','1','freedom',NULL,'0'), ('12229','月报','12227',NULL,'月报','0','0','0','1','freedom',NULL,'0'), ('12230','分产品线信息费日报','14183','fixedReport.do?fixedReportId=100965','分产品线信息费日报','0','1','0','0',NULL,NULL,'0'), ('12231','分产品线整体游戏日报','14204','fixedReport.do?fixedReportId=100966','分产品线整体游戏用户数日报','2','1','0','0',NULL,NULL,'0'), ('12232','分产品线整体月累计日报','14204','fixedReport.do?fixedReportId=100967','分产品线整体当月累计用户数日报','4','1','0','0',NULL,NULL,'0'), ('12233','分产品线付费使用用户数日报','14308','fixedReport.do?fixedReportId=100968','分产品线付费使用用户数日报','0','1','0','0',NULL,NULL,'1'), ('12235','分产品线使用用户日报','14204','fixedReport.do?fixedReportId=100969','分产品线使用用户数日报','5','1','0','0',NULL,NULL,'0'), ('12236','分产品线月累计使用用户日报','14204','fixedReport.do?fixedReportId=100970','分产品线月累计使用用户日报','6','1','0','0',NULL,NULL,'0'), ('12239','分产品线付费使用用户数月报','14308','fixedReport.do?fixedReportId=100975','分产品线付费使用用户数月报','1','1','0','0',NULL,NULL,'1'), ('12240','分产品线游戏下载月报','14225','fixedReport.do?fixedReportId=100976','分产品线游戏下载月报','0','1','0','0',NULL,NULL,'0'), ('12260','SP分业务日报','14205','fixedReport.do?fixedReportId=100985','SP分业务日报','0','1','0','0',NULL,NULL,'0'), ('12280','监控配置管理','9',NULL,'监控配置管理','6','0','0','0',NULL,NULL,'0'), ('12281','邮箱配置管理','9',NULL,'邮箱配置管理','4','0','0','0',NULL,NULL,'0'), ('12282','手机配置管理','9',NULL,'手机配置管理','5','0','0','0',NULL,NULL,'0'), ('12283','手机组配置','12282','mobileGroup.do','手机组配置','1','1','0','0',NULL,NULL,'0'), ('12284','手机配置','12282','mobileNumber.do','手机配置','0','1','0','0',NULL,NULL,'0'), ('12285','邮箱组配置','12281','mailGroup.do','邮箱组配置','1','1','0','0',NULL,NULL,'0'), ('12286','邮箱配置','12281','mailAccount.do','邮箱配置','0','1','0','0',NULL,NULL,'0'), ('12287','任务类型配置','12280','taskType.do','任务类型配置','1','1','0','0',NULL,NULL,'0'), ('12288','任务配置','12280','monitorTask.do','任务配置','0','1','0','0',NULL,NULL,'0'), ('12300','付费产品收入分析','12220',NULL,'付费产品收入分析','2','0','0','0',NULL,NULL,'0'), ('12301','单机产品收入','12300','play/singleProductReport.do','单机产品收入','0','1','0','0',NULL,NULL,'0'), ('12302','网游产品收入','12300','play/onlineProductReport.do','网游产品收入','1','1','0','0',NULL,NULL,'0'), ('12303','包内行为分析','12220',NULL,'包内行为分析','3','0','0','1','freedom',NULL,'0'), ('12304','下载分析','12303','play/within/downReport.do','下载分析','0','1','0','1','freedom',NULL,'0'), ('12305','登录分析','12303','play/within/loginReport.do','登录分析','1','1','0','1','freedom',NULL,'0'), ('12306','包外行为分析','12220',NULL,'包外行为分析','3','0','0','1','freedom',NULL,'0'), ('12307','下载分析','12306','play/outside/downReport.do','下载分析','0','1','0','1','freedom',NULL,'0'), ('12308','登录分析','12306','play/outside/loginReport.do','登录分析','1','1','0','1','freedom',NULL,'0'), ('12289','PC网游论坛统计日报','14242','fixedReport.do?fixedReportId=100986','PC网游论坛统计日报','0','1','0','0',NULL,NULL,'1'), ('12290','PC网游论坛统计月报','14242','fixedReport.do?fixedReportId=100987','PC网游论坛统计月报','1','1','0','0',NULL,NULL,'1'), ('12291','PC网游论坛访问日报','13845','pcbbsdaily.do','PC网游论坛访问日报','2','1','0','0',NULL,NULL,'0'), ('12292','pc网游','10129',NULL,'pc网游','12','0','0','1','sunmeng',NULL,'0'), ('12340','流失总体分析','12322','loss/summaryReport.do','流失总体分析','0','1','0','0',NULL,NULL,'0'), ('12341','详情页流失分析','12322','loss/detailReport.do','详情页流失分析','1','1','0','0',NULL,NULL,'0'), ('12343','PC网游计费监控','10',NULL,'PC网游计费监控','6','0','0','0',NULL,NULL,'0'), ('12323','PC网游分业务每日计费情况监控','12343','monitor/monitorReport.do','PC网游分业务每日计费情况监控','0','1','0','0',NULL,NULL,'0'), ('12880','二线客服投诉','10134',NULL,'二线客服投诉','5','0','0','0',NULL,NULL,'0'), ('13125','安卓','10129',NULL,'安卓','12','0','0','1','系统测试',NULL,'0'), ('13203','合作伙伴分析专区','10134',NULL,'合作伙伴分析专区','7','0','0','1','huolejing',NULL,'0'), ('12324','PC网游计费监控日报','13845','fixedReport.do?fixedReportId=101006','PC网游计费监控日报','3','1','0','0',NULL,NULL,'0'), ('12400','链接','10126','fixedReport.do?fixedReportId=101085','WWW链接日报','0','1','0','0',NULL,NULL,'0'), ('12402','游戏大厅数据配置','6',NULL,'游戏大厅数据配置','5','0','0','0',NULL,NULL,'0'), ('12403','大厅连接配置','12402','tbBiGamedtSetup.do','大厅连接配置','0','1','0','0',NULL,NULL,'0'), ('12322','安卓之家访问到付费流失分析','10594',NULL,'安卓之家访问到付费流失分析','6','0','0','0',NULL,NULL,'0'), ('12422','独立包发展总览','10953','package/overviewReport.do','独立包发展总览','0','1','0','0',NULL,NULL,'0'), ('12423','订购价值分析','12440','package/orderCostReport.do','订购价值分析','1','1','0','0',NULL,NULL,'0'), ('12442','包内行为分析','10953',NULL,'包内行为分析','4','0','0','0',NULL,NULL,'0'), ('12443','下载产品概要分析','12442','package/within/downReport.do','下载产品概要分析','0','1','0','0',NULL,NULL,'0'), ('12444','下载产品明细分析','12433','package/outside/downDetailReport.do','下载产品明细分析','1','1','0','0',NULL,NULL,'0'), ('12445','登录产品概要分析','12433','package/outside/loginReport.do','登录产品概要分析','2','1','0','0',NULL,NULL,'0'), ('12446','登录产品明细分析','12433','package/outside/loginDetailReport.do','登录产品明细分析','3','1','0','0',NULL,NULL,'0'), ('12460','榜单类型配置','9',NULL,'榜单类型配置','7','0','0','1','freedom',NULL,'0'), ('12461','榜单配置管理','9',NULL,'榜单配置管理','7','0','0','0',NULL,NULL,'0'), ('12462','榜单类型配置','12461','siteType.do','榜单类型配置','0','1','0','0',NULL,NULL,'0'), ('12463','榜单配置','12461','site.do','榜单配置','1','1','0','0',NULL,NULL,'0'), ('12464','榜单规则配置','12461','siteRule.do','榜单规则配置','2','1','0','0',NULL,NULL,'0'), ('12465','原始游戏管理','12461','originalGameAdmin.do','原始游戏管理','3','1','0','0',NULL,NULL,'0'), ('12466','榜单配置','6',NULL,'榜单配置','15','0','0','0',NULL,NULL,'0'), ('12467','榜单筛选器配置','12466','siteFilter.do','榜单筛选器配置','3','1','0','0',NULL,NULL,'0'), ('12468','榜单邮箱配置','12466','siteMail.do','榜单邮箱配置','4','1','0','0',NULL,NULL,'0'), ('12469','榜单收录配置','12466','siteInclude.do','榜单收录配置','0','1','0','0',NULL,NULL,'0'), ('12470','缺榜时间统计','12466','siteHistory.do','缺榜时间统计','1','1','0','0',NULL,NULL,'0'), ('12471','榜单数据查询','12466','siteReport.do','榜单数据查询','2','1','0','0',NULL,NULL,'0'), ('12472','游戏业务配置','6',NULL,'游戏业务配置','16','0','0','0',NULL,NULL,'0'), ('12473','标准游戏状态配置','12472','standardGameState.do','标准游戏状态配置','1','1','0','0',NULL,NULL,'0'), ('12474','标准游戏类型配置','12472','standardGameType.do','标准游戏类型配置','2','1','0','0',NULL,NULL,'0'), ('12475','标准游戏配置','12472','standardGame.do','标准游戏配置','0','1','0','0',NULL,NULL,'0'), ('12476','游戏关联关系配置','12472','originalGame.do','游戏关联关系配置','3','1','0','0',NULL,NULL,'0'), ('12500','安卓深度运营分析','10',NULL,'安卓深度运营分析','4','0','0','0',NULL,NULL,'0'), ('12501','用户获取分析','12500','operate/userAccessReport.do','用户获取分析','0','1','0','0',NULL,NULL,'0'), ('12520','用户活跃分析','12500','operate/userActiveReport.do','用户活跃分析','1','1','0','0',NULL,NULL,'0'), ('12502','留存流失分析','12500',NULL,'留存流失分析','2','0','0','0',NULL,NULL,'0');
INSERT INTO `tb_bi_menu` VALUES ('12503','新用户留存分析','12502','operate/reLost/newUserReport.do','新用户留存分析','0','1','0','0',NULL,NULL,'0'), ('12504','用户日流失率分析','12502','operate/reLost/lostDayReport.do','用户日流失率分析','1','1','0','0',NULL,NULL,'0'), ('12505','用户月流失率分析','12502','operate/reLost/lostMonthReport.do','用户月流失率分析','2','1','0','0',NULL,NULL,'0'), ('12506','单机收入分析','12500','operate/singleIncomeReport.do','单机收入分析','3','1','0','1','freedom',NULL,'0'), ('12507','用户生命周期','12500','operate/lifeReport.do','用户生命周期','3','1','0','0',NULL,NULL,'0'), ('12521','指定赠送点数消费统计日报','10366','fixedReport.do?fixedReportId=101165','指定赠送点数消费统计日报','0','1','0','0',NULL,NULL,'1'), ('12522','指定赠送点数消费统计月报','10366','fixedReport.do?fixedReportId=101166','指定赠送点数消费统计月报','4','1','0','0',NULL,NULL,'1'), ('12523','家庭游戏','0',NULL,'家庭游戏','7','0','0','1','huolejing',NULL,'0'), ('12524','家庭电视游戏','10129',NULL,'家庭电视游戏','8','0','0','0',NULL,NULL,'0'), ('12525','家庭游戏SDK汇总日报','14246','fixedReport.do?fixedReportId=121170','家庭游戏SDK汇总日报','0','1','0','0',NULL,NULL,'1'), ('12526','家庭游戏SDK汇总月报','14246','fixedReport.do?fixedReportId=121171','家庭游戏SDK汇总月报','1','1','0','0',NULL,NULL,'1'), ('12527','家庭游戏分业务SDK日报','14247','fixedReport.do?fixedReportId=121168','家庭游戏分业务SDK日报','0','1','0','0',NULL,NULL,'1'), ('12528','家庭游戏分业务SDK月报','14247','fixedReport.do?fixedReportId=121169','家庭游戏分业务SDK月报','1','1','0','0',NULL,NULL,'1'), ('12529','家庭游戏SDK分业务分渠道日报','14248','fixedReport.do?fixedReportId=121172','家庭游戏SDK分业务分渠道日报','0','1','0','0',NULL,NULL,'1'), ('12530','家庭游戏SDK分业务分渠道月报','14248','fixedReport.do?fixedReportId=121173','家庭游戏SDK分业务分渠道月报','1','1','0','0',NULL,NULL,'1'), ('12560','单机分业务分渠道','10148',NULL,'单机分业务分渠道异常监控','3','0','0','0',NULL,NULL,'0'), ('12561','单机异常监控分省分业务','12540','operaterMonitorDayReport.do?fixedReportId=103185','单机分省分业务异常监控日报','0','1','0','0',NULL,NULL,'0'), ('12544','分省分业务分渠道商分考核分类','12571','fixedReport.do?fixedReportId=103190','单机分省分业务分渠道商分考核分类异常监控日报','5','1','0','0',NULL,NULL,'0'), ('12564','包月异常监控分省分业务','12540','operaterMonitorDayReport.do?fixedReportId=103189','包月分省分业务异常监控日报','2','1','0','0',NULL,NULL,'0'), ('12550','分省分业务分渠道商分考核分类','12573','fixedReport.do?fixedReportId=103212','网游分省分业务分渠道商分考核分类异常监控日报','5','1','0','0',NULL,NULL,'0'), ('12551','分省分业务分渠道考核分类','12573','fixedReport.do?fixedReportId=103214','网游分省分业务分渠道考核分类异常监控日报','2','1','0','0',NULL,NULL,'0'), ('12552','分业务分渠道商分考核分类异常监控','12560','fixedReport.do?fixedReportId=103201','单机分业务分渠道商分考核分类异常监控日报','2','1','0','0',NULL,NULL,'0'), ('12580','独立包分业务分渠道商分考核分类异常监控日报','12570','fixedReport.do?fixedReportId=103196','独立包分业务分渠道商分考核分类异常监控日报','2','1','0','0',NULL,NULL,'0'), ('12582','独立包分业务分渠道考核分类异常监控日报','12570','fixedReport.do?fixedReportId=103198','独立包分业务分渠道考核分类异常监控日报','3','1','0','0',NULL,NULL,'0'), ('12342','组件配置','10345','componentConfig.do','组件配置','1','1','0','0',NULL,NULL,'0'), ('12420','独立包基础分析','10953',NULL,'独立包基础分析','0','1','0','1','freedom',NULL,'0'), ('12421','独立包基础分析','10953',NULL,'独立包基础分析','6','0','0','0',NULL,NULL,'0'), ('12440','付费用户分析','10953',NULL,'付费用户分析','1','0','0','0',NULL,NULL,'0'), ('12441','用户生命周期','12440','package/lifeReport.do','用户生命周期','0','1','0','0',NULL,NULL,'0'), ('12424','包外付费产品分析','10953',NULL,'包外付费产品分析','2','0','0','0',NULL,NULL,'0'), ('12425','单机产品收入','12424','package/singleProductReport.do','单机产品收入','0','1','0','0',NULL,NULL,'0'), ('12426','网游产品收入','12424','package/onlineProductReport.do','网游产品收入','1','1','0','0',NULL,NULL,'0'), ('12427','新用户活跃分析','10953',NULL,'新用户活跃分析','3','0','0','0',NULL,NULL,'0'), ('12428','新用户日活跃','12427','package/dayActiveReport.do','新用户日活跃','0','1','0','0',NULL,NULL,'0'), ('12429','新用户月活跃','12427','package/monthActiveReport.do','新用户月活跃','1','1','0','0',NULL,NULL,'0'), ('12430','下载产品明细分析','12442','package/within/downDetailReport.do','下载产品明细分析','1','1','0','0',NULL,NULL,'0'), ('12431','登录产品概要分析','12442','package/within/loginReport.do','登录产品概要分析','2','1','0','0',NULL,NULL,'0'), ('12432','登录产品明细分析','12442','package/within/loginDetailReport.do','登录产品明细分析','3','1','0','0',NULL,NULL,'0'), ('12433','包外行为分析','10953',NULL,'包外行为分析','5','0','0','0',NULL,NULL,'0'), ('12434','下载产品概要分析 ','12433','package/outside/downReport.do','下载产品概要分析 ','0','1','0','0',NULL,NULL,'0'), ('12540','分省分业务','10148',NULL,'分省分业务','2','0','0','0',NULL,NULL,'0'), ('12541','分省分业务分渠道监控','10148',NULL,'分省分业务分渠道监控','7','0','0','1','huolejing',NULL,'0'), ('12542','网游异常监控分省分业务','12540','operaterMonitorDayReport.do?fixedReportId=103187','网游分省分业务异常监控日报','1','1','0','0',NULL,NULL,'0'), ('12563','分省分业务分渠道考核分类','12571','fixedReport.do?fixedReportId=103192','单机分省分业务分渠道考核分类异常监控日报','2','1','0','0',NULL,NULL,'0'), ('12570','包月分业务分渠道','10148',NULL,'包月分业务分渠道异常监控','7','0','0','0',NULL,NULL,'0'), ('12575','包月分省分业务分渠道','10148',NULL,'包月分省分业务分渠道异常监控','8','0','0','0',NULL,NULL,'0'), ('12578','分业务分渠道商分考核分类','12569','fixedReport.do?fixedReportId=104503','网游分业务分渠道商分考核分类异常监控日报','2','1','0','0',NULL,NULL,'0'), ('3','实时统计','0',NULL,'实时统计','3','0','0','0',NULL,NULL,'0'), ('5','数据提取','0',NULL,'数据提取','4','0','0','0',NULL,NULL,'0'), ('6','数据配置','0',NULL,'数据配置','5','0','0','0',NULL,NULL,'0'), ('1','固定报表','0',NULL,'固定报表','1','0','0','0',NULL,NULL,'0'), ('2','自助报表','0',NULL,'自助报表','6','0','0','1','系统测试',NULL,'0'), ('9','系统管理','0',NULL,'系统管理','6','0','0','0',NULL,NULL,'0'), ('8','安全审计管理','9',NULL,'安全审计管理','0','0','0','0',NULL,NULL,'0'), ('7','公测报表','0',NULL,'公测报表','3','0','0','1','系统测试',NULL,'0'), ('10','主题分析','0',NULL,'主题分析','2','0','0','0',NULL,NULL,'0'), ('12','首页','0','homepage','首页','0','1','0','0',NULL,NULL,'0'), ('10292','公测报表','1',NULL,'公测报表','10','0','0','1','系统测试',NULL,'0'), ('10397','分省发展指标','1',NULL,'分省发展指标','10','0','0','1','sunmeng',NULL,'0'), ('344','分省指标专区','1',NULL,'分省指标专区','7','0','0','0',NULL,NULL,'0'), ('10914','批价折扣指标','1',NULL,'批价折扣指标','10','0','0','1','系统测试',NULL,'0'), ('10120','整体指标专区','1',NULL,'整体指标专区','0','0','0','0',NULL,NULL,'0'), ('10124','门户指标专区','1',NULL,'门户指标专区','1','0','0','0',NULL,NULL,'0'), ('10129','产品指标专区','1',NULL,'产品指标专区','2','0','0','0',NULL,NULL,'0'), ('10134','合作管理专区','1',NULL,'合作管理专区','3','0','0','0',NULL,NULL,'0'), ('10137','渠道管理专区','1',NULL,'渠道管理专区','4','0','0','0',NULL,NULL,'0'), ('10147','营销活动专区','1',NULL,'营销活动专区','5','0','0','0',NULL,NULL,'0'), ('10148','监控指标专区','1',NULL,'监控指标专区','6','0','0','0',NULL,NULL,'0'), ('10140','重点产品指标','1',NULL,'重点产品指标','3','0','0','1','sunmeng',NULL,'0'), ('10116','产品自助报表','2',NULL,'产品自助报表','0','0','0','1','系统测试',NULL,'0'), ('10475','实时付费','3',NULL,'实时付费','0','0','0','0',NULL,NULL,'0'), ('10184','门户统计','3',NULL,'门户统计','1','0','0','0',NULL,NULL,'0'), ('10472','用户数据转换','5',NULL,'用户数据转换','5','0','0','0',NULL,NULL,'0'), ('10552','业务信息数据提取','5',NULL,'业务信息数据提取','4','0','0','0',NULL,NULL,'0'), ('10115','自动化任务数据提取','5',NULL,'自动化任务数据提取','0','0','0','0',NULL,NULL,'0'), ('10692','任务审批','5',NULL,'任务审批','6','0','0','0',NULL,NULL,'0'), ('10367','自动化模板数据提取','5',NULL,'自动化模板数据提取','1','0','0','0',NULL,NULL,'0'), ('10861','用户行为数据提取','5',NULL,'用户行为数据提取','2','0','0','0',NULL,NULL,'0'), ('440','异常监控数据配置','6',NULL,'异常监控数据配置','0','0','0','0',NULL,NULL,'0'), ('260','门户数据配置','6',NULL,'门户数据配置','3','0','0','0',NULL,NULL,'0'), ('261','合管方数据配置','6',NULL,'合管方数据配置','7','0','0','0',NULL,NULL,'0'), ('262','客服数据配置','6',NULL,'客服数据配置','8','0','0','0',NULL,NULL,'0'), ('10967','分省收入异常监控配置','6',NULL,'分省收入异常监控配置','1','0','0','0',NULL,NULL,'0'), ('11014','展厅数据配置','6',NULL,'展厅数据配置','9','0','0','0',NULL,NULL,'0'), ('10412','用户URL轨迹数据配置','6',NULL,'用户URL轨迹数据配置','6','0','0','0',NULL,NULL,'0'), ('10493','结算数据配置','6',NULL,'结算数据配置','10','0','0','0',NULL,NULL,'0'), ('11141','运营异常监控数据配置','6',NULL,'运营异常监控数据配置','2','0','0','0',NULL,NULL,'0'), ('10409','游戏玩家数据配置','6',NULL,'游戏玩家数据配置','11','0','0','0',NULL,NULL,'0'), ('10037','门户渠道来源数据配置','6',NULL,'门户渠道来源数据配置','4','0','0','0',NULL,NULL,'0'), ('10201','网游公测','7',NULL,'网游公测','0','0','0','1','系统测试',NULL,'0'), ('10114','安全审计','8',NULL,'安全审计','0','0','0','0',NULL,NULL,'0'), ('10776','数据提取日志','8',NULL,'数据提取日志','1','0','0','0',NULL,NULL,'0'), ('10345','报表配置管理','9',NULL,'报表配置管理','3','0','0','0',NULL,NULL,'0'), ('28','系统权限管理','9',NULL,'系统权限管理','1','0','0','0',NULL,NULL,'0'), ('10113','新闻公告管理','9',NULL,'新闻公告管理','2','0','0','0',NULL,NULL,'0'), ('10953','独立包主题分析','10',NULL,'独立包主题分析','3','0','0','0',NULL,NULL,'0'), ('10433','用户URL轨迹','10',NULL,'用户URL轨迹','8','0','0','0',NULL,NULL,'0'), ('11093','游戏大厅主题分析','10',NULL,'游戏大厅主题分析','1','0','0','0',NULL,NULL,'0'), ('10371','其他分析','10',NULL,'其他分析','7','0','0','1','系统测试',NULL,'0'), ('10594','安卓主题分析','10',NULL,'安卓主题分析','0','0','0','0',NULL,NULL,'0');
INSERT INTO `tb_bi_menu` VALUES ('29','角色管理','28','roleList.do','角色管理','0','1','0','0',NULL,NULL,'0'), ('30','用户管理','28','userList.do','用户管理','1','1','0','0',NULL,NULL,'0'), ('33','菜单管理','28','system/menu.do','菜单管理','2','1','0','0',NULL,NULL,'0'), ('263','门户链接配置','260','wapUrlConfig.do','门户链接配置','0','1','0','0',NULL,NULL,'0'), ('10855','门户渠道对应关系','260',NULL,'门户渠道对应关系','1','0','0','0',NULL,NULL,'0'), ('10060','网游门户日报导入','260','netGameWapUploadManage.do?title=网游门户日报导入','网游门户日报导入','2','1','0','0',NULL,NULL,'0'), ('264','独立包配置','261','packageTwoManager.do','独立包配置','0','1','0','0',NULL,NULL,'0'), ('282','客服投诉数据导入','262','userServiceDown.do?id=10060 ','客服投诉数据导入','0','1','0','0',NULL,NULL,'0'), ('283','客服数据维护','262','customerServerUp.do','客服数据维护userServiceManage','1','1','0','0',NULL,NULL,'0'), ('284','客服数据查询','262','fixedReport.do?fixedReportId=105500','客服数据查询','2','1','0','0',NULL,NULL,'0'), ('10903','客服投诉数据执行','262','customerServerRunData.do','客服投诉数据执行','4','1','0','0',NULL,NULL,'0'), ('10533','健康度监控月报','344',NULL,'健康度监控月报','0','0','0','1','freedom',NULL,'0'), ('10000','日报','344',NULL,'日报','0','0','0','1','freedom',NULL,'0'), ('10001','周报','344',NULL,'周报','0','0','0','1','sunmeng',NULL,'0'), ('10002','月报','344',NULL,'月报','0','0','0','1','freedom',NULL,'0'), ('441','全网收入异常监控配置','440','exptmonitor.do','全网收入异常监控配置','0','1','0','0',NULL,NULL,'0'), ('446','异常监控特殊配置一','440','exptmonitorOne.do','异常监控特殊配置一','1','1','0','1','huolejing',NULL,'0'), ('447','异常监控特殊配置二','440','exptmonitorTwo.do','异常监控特殊配置二','1','1','0','1','huolejing',NULL,'0'), ('10109','游戏下载日报','14348','fixedReport.do?fixedReportId=100071','游戏下载日报','6','1','0','0',NULL,NULL,'1'), ('10006','产品整体收入日报','14350','fixedReport.do?fixedReportId=100060','产品整体收入日报','0','1','0','0',NULL,NULL,'1'), ('10007','产品整体游戏用户数日报','14348','fixedReport.do?fixedReportId=100061','产品整体游戏用户数日报','2','1','0','0',NULL,NULL,'0'), ('10008','产品整体游戏当月累计用户数日报','14348','fixedReport.do?fixedReportId=100069','产品整体游戏当月累计用户数日报','3','1','0','0',NULL,NULL,'0'), ('10009','付费使用用户数','14351','fixedReport.do?fixedReportId=100067','产品整体kpi用户数日报','0','1','0','0',NULL,NULL,'1'), ('10010','游戏玩家日报','14349','fixedReport.do?fixedReportId=100145','游戏玩家日报','1','1','0','0',NULL,NULL,'0'), ('10011','独立包分省用户数日报','14349','fixedReport.do?fixedReportId=100062','独立包分省用户数日报','4','1','0','0',NULL,NULL,'0'), ('10012','游戏玩家分省用户数日报','14349','fixedReport.do?fixedReportId=100063','游戏玩家分省用户数日报','2','1','0','0',NULL,NULL,'0'), ('10013','流量统计日报','10000','fixedReport.do?fixedReportId=100070','流量统计日报','1','1','0','1','freedom',NULL,'0'), ('10018','门户日报','14366','fixedReport.do?fixedReportId=100084','门户日报','2','1','0','0',NULL,NULL,'0'), ('10020','合管方分省日报','14348','fixedReport.do?fixedReportId=100194','合管方分省日报','9','1','0','0',NULL,NULL,'0'), ('12875','PC网游消费分区间统计日报','13845','fixedReport.do?fixedReportId=105762','PC网游消费分区间统计日报','5','1','0','0',NULL,NULL,'0'), ('12877','包月异常监控','11143','fixedReport.do?fixedReportId=100887','包月异常监控日报','2','1','0','0',NULL,NULL,'0'), ('12883','游戏大厅保底加分成模式推广','10124',NULL,'游戏大厅保底加分成模式推广报表','2','0','0','0',NULL,NULL,'0'), ('12884','CPS','12883','fixedReport.do?fixedReportId=105766','CPS日报','0','1','0','0',NULL,NULL,'0'), ('12885','CPA','12883','fixedReport.do?fixedReportId=105767','CPA日报','1','1','0','0',NULL,NULL,'0'), ('12900','渠道区分统计','10997','fixedReport.do?fixedReportId=105768','门户渠道区分统计日报','0','1','0','0',NULL,NULL,'0'), ('12921','PC网游业务监控','10',NULL,'PC网游业务监控','5','0','0','0',NULL,NULL,'0'), ('12922','预警业务分省明细分析','12921','pcgame/provinceAnalyseReport.do','预警业务分省明细分析','2','1','0','0',NULL,NULL,'0'), ('12923','预警业务明细分析','12921','pcgame/detailAnalyseReport.do','预警业务明细分析','1','1','0','0',NULL,NULL,'0'), ('12924','预警总体分析','12921','pcgame/summaryAnalyseReport.do','预警总体分析','0','1','0','0',NULL,NULL,'0'), ('12926','游戏大厅产品月报-分省','13494','fixedReport.do?fixedReportId=100130','游戏大厅产品月报-分省','2','1','0','0',NULL,NULL,'1'), ('12961','集团知识竞赛','10147',NULL,'集团知识竞赛','0','0','0','1','freedom',NULL,'0'), ('12970','菜单导入','12966','fileImport.do?impConfId=10363','菜单导入','1','1','0','0',NULL,NULL,'0'), ('10032','PC游戏分业务日报','14349','fixedReport.do?fixedReportId=100164','PC游戏分业务日报','5','1','0','0',NULL,NULL,'0'), ('10033','游戏包用户数日报','14349','fixedReport.do?fixedReportId=100065','游戏包用户数日报','0','1','0','0',NULL,NULL,'0'), ('10034','自有游戏用户数日报','14348','fixedReport.do?fixedReportId=100064','自有游戏用户数日报','4','1','0','0',NULL,NULL,'0'), ('10035','终端内置日报','14366','fixedReport.do?fixedReportId=100229','终端内置日报','1','1','0','0',NULL,NULL,'0'), ('12963','SDK监控数据配置','6',NULL,'SDK监控数据配置','12','0','0','0',NULL,NULL,'0'), ('10014','产品整体收入月报','14350','fixedReport.do?fixedReportId=100072','产品整体收入月报','1','1','0','0',NULL,NULL,'1'), ('10015','产品整体分省市下载月报','14348','fixedReport.do?fixedReportId=100075','产品整体分省市下载月报','5','1','0','0',NULL,NULL,'0'), ('10016','付费使用用户数月报','14351','fixedReport.do?fixedReportId=100074','产品整体KPI用户数据月报','1','1','0','0',NULL,NULL,'1'), ('13126','SDK AIR-PUSH上行请求量统计日报','13125','fixedReport.do?fixedReportId=130002','SDK AIR-PUSH上行请求量统计日报','0','1','0','1','系统测试',NULL,'0'), ('12964','异常手机号码监控常规配置','12963','sdkExc.do','异常手机号码监控常规配置','0','0','0','1','系统测试',NULL,'0'), ('10038','WAP门户渠道来源日报导入','10037','wapChannelSourceUploadManage.do?title=WAP门户渠道来源日报导入','WAP门户渠道来源日报导入','0','1','0','0',NULL,NULL,'0'), ('31','新闻管理','10113','newManager.do','新闻管理','0','1','0','0',NULL,NULL,'0'), ('32','公告管理','10113','noticeManager.do','公告管理','1','1','0','0',NULL,NULL,'0'), ('10964','查询时间日志','10114','fixedReport.do?fixedReportId=100766','查询时间日志','0','1','0','0',NULL,NULL,'0'), ('10347','固定报表日志','10114','opLogList.do','固定报表日志','1','1','0','0',NULL,NULL,'0'), ('143','日志审计','10114','logManager.do','日志审计','2','1','0','0',NULL,NULL,'0'), ('285','数据表管理','10115','taskTable.do','数据表管理','0','1','0','0',NULL,NULL,'0'), ('10673','数据提取模板配置','10115','template.do','数据提取模板配置','1','1','0','0',NULL,NULL,'0'), ('10781','自动化任务提取任务审批','10115','auditTask.do?auditTaskDto.ataskType=1','自动化任务提取任务审批','2','1','0','0',NULL,NULL,'0'), ('10348','任务清单','10115','autoTask.do','任务清单','3','1','0','0',NULL,NULL,'0'), ('135','产品整体报表','10116','http://112.4.19.17:8080/ibmcognos/cgi-bin/cognos.cgi?b_action=xts.run&m=portal/launch.xts&ui.tool=QueryStudio&ui.object=/content/folder[@name=\'query_model\']/package[@name=\'chanpin\']&ui.action=new','产品整体报表','0','1','0','1','系统测试',NULL,'0'), ('10492','产品明细报表','10116','http://112.4.19.17:8080/ibmcognos/cgi-bin/cognos.cgi?b_action=xts.run&m=portal/launch.xts&ui.tool=QueryStudio&ui.object=/content/folder[@name=\'query\']/package[@name=\'online_wap_single_package\']&ui.action=new','产品明细报表','1','1','0','1','系统测试',NULL,'0'), ('10193','周报','10120',NULL,'周报','1','0','0','1','huolejing',NULL,'0'), ('10732','整体日报','10120',NULL,'整体日报','1','0','0','1','sunmeng',NULL,'0'), ('10121','日报','10120',NULL,'日报','0','0','0','1','huolejing',NULL,'0'), ('10123','月报','10120',NULL,'月报','1','0','0','1','huolejing',NULL,'0'), ('208','信息费日报','14210','fixedReport.do?fixedReportId=100060','信息费日报','0','1','0','0',NULL,NULL,'1'), ('211','整体游戏日报','14204','fixedReport.do?fixedReportId=100061','产品整体游戏用户数日报','0','1','0','0',NULL,NULL,'0'), ('281','独立包分省用户日报','14204','fixedReport.do?fixedReportId=100062','独立包分省用户数日报','9','1','0','0',NULL,NULL,'0'), ('213','整体游戏月累计日报','14204','fixedReport.do?fixedReportId=100069','产品整体游戏当月累计用户数日报','1','1','0','0',NULL,NULL,'0'), ('222','付费使用用户数日报','14307','fixedReport.do?fixedReportId=100067','付费使用用户数日报','0','1','0','0',NULL,NULL,'1'), ('10918','点数统计日报','14211','fixedReport.do?fixedReportId=100669','点数统计日报','0','1','0','0',NULL,NULL,'1'), ('10108','游戏下载日报','14230','fixedReport.do?fixedReportId=100071','游戏下载日报','0','1','0','0',NULL,NULL,'1'), ('363','游戏玩家分省用户日报','14204','fixedReport.do?fixedReportId=100063','游戏玩家分省用户数日报','10','1','0','0',NULL,NULL,'0'), ('384','游戏包用户日报','14204','fixedReport.do?fixedReportId=100065','游戏包用户数日报','8','1','0','0',NULL,NULL,'0'), ('385','自有游戏用户日报','14204','fixedReport.do?fixedReportId=100064','自有游戏用户数日报','7','1','0','0',NULL,NULL,'0'), ('11147','全国充值卡日报','14183','fixedReport.do?fixedReportId=100888','全国充值卡日报','2','1','0','0',NULL,NULL,'0'), ('12965','异常手机号码监控常规配置','12963','sdkExc.do','异常手机号码监控常规配置','0','1','0','0',NULL,NULL,'0'), ('209','信息费月报','14210','fixedReport.do?fixedReportId=100072','信息费月报','1','1','0','0',NULL,NULL,'1'), ('280','游戏下载月报','14230','fixedReport.do?fixedReportId=100075','游戏下载月报','1','1','0','0',NULL,NULL,'1'), ('220','付费使用用户数月报','14307','fixedReport.do?fixedReportId=100074','付费使用用户数月报','1','1','0','0',NULL,NULL,'1'), ('10919','点数统计月报','14211','fixedReport.do?fixedReportId=100670','点数统计月报','1','1','0','0',NULL,NULL,'1'), ('10997','渠道推广','10124',NULL,'渠道推广','6','0','0','0',NULL,NULL,'0'), ('10833','门户指标报表','10124',NULL,'门户指标报表','0','0','0','0',NULL,NULL,'0'), ('10125','WAP门户','10124',NULL,'WAP门户','4','0','0','0',NULL,NULL,'0'), ('10126','WWW门户','10124',NULL,'WWW门户','5','0','0','0',NULL,NULL,'0'), ('10127','安卓之家','10124',NULL,'安卓之家','7','0','0','1','freedom',NULL,'0'), ('10128','游戏大厅','10124',NULL,'游戏大厅','1','0','0','0',NULL,NULL,'0'), ('246','链接','10125','fixedReport.do?fixedReportId=100084','WAP门户链接日报','0','1','0','0',NULL,NULL,'0'), ('10042','渠道来源','10125','fixedReport.do?fixedReportId=100088','WAP门户渠道来源日报','5','1','0','0',NULL,NULL,'0'), ('13082','重点指标月报','14204','fixedReport.do?fixedReportId=105944','重点指标月报','11','1','0','0',NULL,NULL,'0'), ('13083','重点指标月报','10123','fixedReport.do?fixedReportId=105944','重点指标月报','2','1','0','1','huolejing',NULL,'0'), ('10392','游戏大厅栏目日报','13521','fixedReport.do?fixedReportId=100350','游戏大厅栏目日报','0','1','0','0',NULL,NULL,'1'), ('188','游戏大厅客户端周报-分省','13480','fixedReport.do?fixedReportId=100114','游戏大厅客户端周报-分省','1','1','0','0',NULL,NULL,'1'), ('190','游戏大厅客户端月报-分省','13480','fixedReport.do?fixedReportId=100126','游戏大厅客户端月报-分省','2','1','0','0',NULL,NULL,'1'), ('192','游戏大厅客户端月报-分渠道','13501','fixedReport.do?fixedReportId=100128','游戏大厅客户端月报-分渠道','2','1','0','0',NULL,NULL,'1'), ('194','游戏大厅客户端周报-分渠道','13501','fixedReport.do?fixedReportId=100115','游戏大厅客户端周报-分渠道','1','1','0','0',NULL,NULL,'1'), ('186','游戏大厅客户端日报表-分渠道','13501','fixedReport.do?fixedReportId=100109','游戏大厅客户端日报表-分渠道','0','1','0','0',NULL,NULL,'1');
INSERT INTO `tb_bi_menu` VALUES ('196','游戏大厅产品日报-分渠道','13478','fixedReport.do?fixedReportId=100111','游戏大厅产品日报-分渠道','0','1','0','0',NULL,NULL,'1'), ('197','游戏大厅产品日报-分产品','13479','fixedReport.do?fixedReportId=100112','游戏大厅产品日报-分产品','0','1','0','0',NULL,NULL,'1'), ('199','游戏大厅产品周报-分渠道','13478','fixedReport.do?fixedReportId=100118','游戏大厅产品周报-分渠道','1','1','0','0',NULL,NULL,'1'), ('200','游戏大厅产品周报-分产品','13479','fixedReport.do?fixedReportId=100143','游戏大厅产品周报-分产品','2','1','0','0',NULL,NULL,'1'), ('202','游戏大厅产品月报-分渠道','13478','fixedReport.do?fixedReportId=100131','游戏大厅产品月报-分渠道','2','1','0','0',NULL,NULL,'1'), ('203','游戏大厅产品月报-分产品','13479','fixedReport.do?fixedReportId=100132','游戏大厅产品月报-分产品','1','1','0','0',NULL,NULL,'1'), ('184','游戏大厅客户端日报-分省','13480','fixedReport.do?fixedReportId=100095','游戏大厅客户端日报-分省','0','1','0','0',NULL,NULL,'1'), ('10393','游戏大厅栏目月报','13521','fixedReport.do?fixedReportId=100351','游戏大厅栏目月报','1','1','0','0',NULL,NULL,'1'), ('10394','游戏大厅营销广告日报','13496','fixedReport.do?fixedReportId=100352','游戏大厅营销广告日报','0','1','0','0',NULL,NULL,'1'), ('10395','游戏大厅营销广告月报','13496','fixedReport.do?fixedReportId=100353','游戏大厅营销广告月报','1','1','0','0',NULL,NULL,'1'), ('10675','游戏大厅分小时月报-分省','13522','fixedReport.do?fixedReportId=100391','游戏大厅分小时月报-分省','0','1','0','0',NULL,NULL,'1'), ('10103','游戏大厅客户端版本周报','13502','fixedReport.do?fixedReportId=100134','游戏大厅客户端版本周报','1','1','0','0',NULL,NULL,'1'), ('10104','游戏大厅客户端版本月报','13502','fixedReport.do?fixedReportId=100138','游戏大厅客户端版本月报','2','1','0','0',NULL,NULL,'1'), ('10913','游戏大厅客户端版本日报','13502','fixedReport.do?fixedReportId=100665','游戏大厅客户端版本日报','0','1','0','0',NULL,NULL,'1'), ('10312','当月新增用户跟踪','10128','fixedReport.do?fixedReportId=100250','游戏大厅当月新增用户跟踪月报','0','1','0','0',NULL,NULL,'0'), ('10613','搜索关键字月报','13504','fixedReport.do?fixedReportId=100455','搜索关键字月报','1','1','0','0',NULL,NULL,'1'), ('10615','游戏大厅信息推送日报','13498','fixedReport.do?fixedReportId=100448','游戏大厅信息推送日报','0','1','0','0',NULL,NULL,'1'), ('10616','游戏大厅信息推送月报','13498','fixedReport.do?fixedReportId=100449','游戏大厅信息推送月报','1','1','0','0',NULL,NULL,'1'), ('10612','搜索关键字周报','13504','fixedReport.do?fixedReportId=100454','搜索关键字周报','0','1','0','0',NULL,NULL,'1'), ('10960','游戏大厅产品日报-分省','13494','fixedReport.do?fixedReportId=100110','游戏大厅产品日报-分省','0','1','0','0',NULL,NULL,'1'), ('10122','手机加游站','10129',NULL,'手机加游站','12','0','0','1','sunmeng',NULL,'0'), ('10272','网游报表','10129',NULL,'网游报表','12','0','0','1','freedom',NULL,'0'), ('10232','网页网游','10129',NULL,'网页网游','12','0','0','1','sunmeng',NULL,'0'), ('10993','混合支付','10129',NULL,'混合支付','12','0','0','1','sunmeng',NULL,'0'), ('11105','智能机','10129',NULL,'智能机','1','0','0','0',NULL,NULL,'0'), ('10130','游戏包','10129',NULL,'游戏包','3','0','0','0',NULL,NULL,'0'), ('10131','客户端网游','10129',NULL,'客户端网游','12','0','0','1','sunmeng',NULL,'0'), ('10132','单机报表','10129',NULL,'单机','8','0','0','1','freedom',NULL,'0'), ('10133','网页游戏','10129',NULL,'网页游戏','12','0','0','1','freedom',NULL,'0'), ('10151','PC游戏','10129',NULL,'PC游戏','12','0','0','1','freedom',NULL,'0'), ('10396','游戏玩家push日报 ','10130','fixedReport.do?fixedReportId=100355','游戏玩家push日报 ','3','1','0','1','系统测试',NULL,'0'), ('10198','独立包日报 ','10130','fixedReport.do?fixedReportId=100152','独立包日报 ','0','1','0','0',NULL,NULL,'0'), ('10354','游戏包总表日报','14235','fixedReport.do?fixedReportId=100285','游戏包总表日报','1','1','0','0',NULL,NULL,'1'), ('10358','游戏包网元月报','10130','fixedReport.do?fixedReportId=100289','游戏包网元月报','11','1','0','0',NULL,NULL,'0'), ('10598','游戏包总表月报','14235','fixedReport.do?fixedReportId=100452','游戏包总表月报','0','1','0','0',NULL,NULL,'1'), ('10599','游戏包分渠道月报','10130','fixedReport.do?fixedReportId=100453','游戏包分渠道月报','6','1','0','0',NULL,NULL,'0'), ('232','游戏玩家日报','10130','fixedReport.do?fixedReportId=100145','游戏玩家日报','13','1','0','0',NULL,NULL,'0'), ('395','包内业务日报','10130','fixedReport.do?fixedReportId=100147','包内业务日报','13','1','0','0',NULL,NULL,'0'), ('10356','游戏包分业务月累计日报','10130','fixedReport.do?fixedReportId=100287','游戏包分业务月累计日报','1','1','0','0',NULL,NULL,'0'), ('10233','单机分业务日报','14214','fixedReport.do?fixedReportId=100203','单机分业务日报','0','1','0','0',NULL,NULL,'1'), ('10234','单机分渠道日报','14215','fixedReport.do?fixedReportId=100205','单机分渠道日报','0','1','0','0',NULL,NULL,'1'), ('10235','单机分业务月报 ','14214','fixedReport.do?fixedReportId=100206','单机分业务月报 ','1','1','0','0',NULL,NULL,'1'), ('10236','单机分渠道月报 ','14215','fixedReport.do?fixedReportId=100207','单机分渠道月报 ','1','1','0','0',NULL,NULL,'1'), ('398','单机总表','13846','fixedReport.do?fixedReportId=100159','单机总表','0','1','0','0',NULL,NULL,'0'), ('10241','网页游戏分业务月报','14243','fixedReport.do?fixedReportId=100256','网页游戏分业务月报','1','1','0','0',NULL,NULL,'1'), ('10242','网页游戏分道具月报','13844','fixedReport.do?fixedReportId=100257','网页游戏分道具月报','0','1','0','0',NULL,NULL,'0'), ('10238','网页游戏分业务日报','14243','fixedReport.do?fixedReportId=100253','网页游戏分业务日报','0','1','0','0',NULL,NULL,'1'), ('10240','网页游戏分渠道日报','14244','fixedReport.do?fixedReportId=100255','网页游戏分渠道日报','0','1','0','0',NULL,NULL,'1'), ('10243','网页游戏分渠道月报','14244','fixedReport.do?fixedReportId=100258','网页游戏分渠道月报','1','1','0','0',NULL,NULL,'1'), ('10359','客服投诉','10134',NULL,'客服投诉','4','0','0','0',NULL,NULL,'0'), ('10496','信息结算','10134',NULL,'信息结算','5','0','0','1','系统测试',NULL,'0'), ('10135','业务合作方','10134',NULL,'业务合作方','3','0','0','1','huolejing',NULL,'0'), ('10136','服务管控','10134',NULL,'服务管控','3','0','0','0',NULL,NULL,'0'), ('13764','生产流程监控','10',NULL,'生产流程监控','10','0','0','0',NULL,NULL,'0'), ('13765','各环节通过率','13261','fixedReport.do?fixedReportId=130140','各环节通过率','4','1','0','1','freedom',NULL,'0'), ('12872','单业务指标','1',NULL,'单业务指标','10','0','0','1','sunmeng',NULL,'0'), ('14103','其他流程','13783',NULL,'其他流程','2','0','0','0',NULL,NULL,'0'), ('13728','日超时任务占比','13261','fixedReport.do?fixedReportId=130141','日超时任务占比','4','1','0','1','freedom',NULL,'0'), ('12968','合作伙伴业务关系导入','12966','fileImport.do?impConfId=10360','合作伙伴业务关系导入','0','1','0','1','freedom',NULL,'0'), ('14364','汇总','13841','fixedReport.do?merge_id=13093&merge_title=选择报表周期',NULL,'0','0','0','0',NULL,NULL,'0'), ('13086','SDK报表分析','10594','sdkReport.do','SDK报表分析','1','1','0','0',NULL,NULL,'0'), ('13087','SDK功能统计','10129',NULL,'SDK功能统计','11','0','0','0',NULL,NULL,'0'), ('13088','0元短信发送占比日报','13087','fixedReport.do?fixedReportId=105945','0元短信发送占比统计日报','0','1','0','0',NULL,NULL,'0'), ('13089','进入游戏后未尝试发送0元短信原因统计','13087','fixedReport.do?fixedReportId=105963','进入游戏后未尝试发送0元短信原因统计','1','1','0','0',NULL,NULL,'0'), ('13090','进入游戏后尝试发送0元短信原因统计','13087','fixedReport.do?fixedReportId=105946','进入游戏后尝试发送0元短信原因统计','2','1','0','0',NULL,NULL,'0'), ('13864','MP业务','10129',NULL,'MP业务','9','0','0','0',NULL,NULL,'0'), ('13092','用户中心','10129',NULL,'用户中心','15','0','0','0',NULL,NULL,'0'), ('13093','用户中心汇总日报','14364','fixedReport.do?fixedReportId=110002','用户中心汇总日报','0','1','0','0',NULL,NULL,'1'), ('13094','用户中心分账号类型日报','14347','fixedReport.do?fixedReportId=110003','用户中心分账号类型日报','0','1','0','0',NULL,NULL,'1'), ('13095','用户中心分门户来源日报','14365','fixedReport.do?fixedReportId=110004','用户中心分门户来源日报','0','1','0','0',NULL,NULL,'1'), ('13096','用户中心汇总月报','14364','fixedReport.do?fixedReportId=110005','用户中心汇总月报','1','1','0','0',NULL,NULL,'1'), ('13097','用户中心分账号类型月报','14347','fixedReport.do?fixedReportId=110006','用户中心分账号类型月报','1','1','0','0',NULL,NULL,'1'), ('13098','用户中心分门户来源月报','14365','fixedReport.do?fixedReportId=110007','用户中心分门户来源月报','1','1','0','0',NULL,NULL,'1'), ('13847','业务状态统计','10129',NULL,'业务状态统计','16','0','0','1','freedom',NULL,'0'), ('13882','分业务结算信息月报','14205','fixedReport.do?fixedReportId=121167','分业务结算信息展示月报','13','1','0','0',NULL,NULL,'0'), ('13921','商用15天业务配置','6',NULL,'商用15天业务配置','18','0','0','0',NULL,NULL,'0'), ('13985','AppleWatch','5',NULL,'AppleWatch','7','0','0','0',NULL,NULL,'0'), ('13986','一线客服投诉数据维护','13975','fixedReport.do?fixedReportId=121185','一线客服投诉数据维护','0','1','0','0',NULL,NULL,'0'), ('14104','SDK付费页面用户行为监控日报','14103','fixedReport.do?fixedReportId=121204','SDK付费页面用户行为监控日报','0','1','0','0',NULL,NULL,'0'), ('14183','信息费及点数报表','10120',NULL,'信息费及点数报表','1','0','0','0',NULL,NULL,'0'), ('14184','信息费日报','14183',NULL,'信息费日报','4','1','0','1','freedom',NULL,'0'), ('14285','分业务分渠道日报','14269','fixedReport.do?fixedReportId=121215','一级货架分业务分渠道日报','0','1','0','0',NULL,NULL,'0'), ('14308','分产品线付费使用用户','14225','fixedReport.do?merge_id=12233&merge_title=选择报表周期','分产品线付费使用用户数','3','0','0','0',NULL,NULL,'0'), ('14276','分渠道商月累计日报','12603','fixedReport.do?fixedReportId=121218','合作伙伴分渠道商月累计日报','12','1','0','0',NULL,NULL,'0'), ('14347','分账号类型','13841','fixedReport.do?merge_id=13094&merge_title=选择报表周期','分账号类型','1','0','0','0',NULL,NULL,'0'), ('14365','分门户来源','13841','fixedReport.do?merge_id=13095&merge_title=选择报表周期','分门户来源','2','0','0','0',NULL,NULL,'0'), ('14349','产品指标','344',NULL,NULL,'1','0','0','0',NULL,NULL,'0'), ('14350','整体收入（信息费）','14348','fixedReport.do?merge_id=10006&merge_title=选择报表周期',NULL,'0','0','0','0',NULL,NULL,'0'), ('14352','分小时异常监控报表','10148',NULL,NULL,'9','0','0','0',NULL,NULL,'0'), ('14384','家庭游戏支付方式日报','12524','fixedReport.do?fixedReportId=120004','家庭游戏支付方式日报','7','1','0','0',NULL,NULL,'0'), ('14385','家庭游戏支付方式月报','12524','fixedReport.do?fixedReportId=120005','家庭游戏支付方式月报','8','1','0','0',NULL,NULL,'0'), ('14424','手机游戏分版本号统计跟踪日报','14205','fixedReport.do?fixedReportId=121223','手机游戏分版本号统计跟踪日报','11','1','0','0',NULL,NULL,'0'), ('10158','多点计费游戏道具日报 ','14205','fixedReport.do?fixedReportId=100188','多点计费游戏道具日报 ','2','1','0','0',NULL,NULL,'0'), ('10181','单机内容分类月报','14205','fixedReport.do?fixedReportId=100189','单机内容分类月报','3','1','0','0',NULL,NULL,'0'), ('10182','下载留存统计月报','14205','fixedReport.do?fixedReportId=100191','下载留存统计月报','1','1','0','0',NULL,NULL,'0'), ('320','道具日报','10136','fixedReport.do?fixedReportId=100183','合管方道具日报','3','1','0','0',NULL,NULL,'0'), ('340','合作伙伴日报','10136','spDayReport.do?fixedReportId=100193','合管方合作伙伴日报','5','1','0','0',NULL,NULL,'0'), ('236','分省日报','10136','fixedReport.do?fixedReportId=100194','合管方分省日报','6','1','0','0',NULL,NULL,'0'), ('10965','分业务分省分渠道商分渠道日报','12603','fixedReport.do?fixedReportId=100748','合管方分业务分省分渠道商分渠道日报','5','1','0','0',NULL,NULL,'0'), ('10966','套餐包业务分省分渠道商分渠道日报','12603','fixedReport.do?fixedReportId=100749','合管方套餐包业务分省分渠道商分渠道日报','11','1','0','0',NULL,NULL,'0');
INSERT INTO `tb_bi_menu` VALUES ('231','单机日报','10136','fixedReport.do?fixedReportId=100179','合管方单机日报','2','1','0','0',NULL,NULL,'0'), ('233','游戏包日报 ','10136','fixedReport.do?fixedReportId=100178','合管方游戏包日报 ','1','1','0','0',NULL,NULL,'0'), ('234','网页游戏日报 ','10136','webGameDayReport.do?fixedReportId=100181','合管方网页游戏日报 ','4','1','0','0',NULL,NULL,'0'), ('235','客户端网游日报 ','10136','fixedReport.do?fixedReportId=100176','合管方客户端网游日报 ','0','1','0','0',NULL,NULL,'0'), ('10138','日报','10137',NULL,'日报','0','0','0','1','freedom',NULL,'0'), ('10139','月报','10137',NULL,'月报','0','0','0','1','freedom',NULL,'0'), ('10369','渠道方-游戏分省分业务日报','14355','fixedReport.do?fixedReportId=100284','渠道方-游戏分省分业务日报','0','1','0','0',NULL,NULL,'1'), ('391','渠道方-本渠道分省日报','14354','fixedReport.do?fixedReportId=100165','渠道方-本渠道分省日报','0','1','0','0',NULL,NULL,'1'), ('393','渠道方-本渠道套餐业务日报','10137','fixedReport.do?fixedReportId=100166','渠道方-本渠道套餐业务日报','2','1','0','0',NULL,NULL,'0'), ('10370','渠道方-游戏分省分业务月报','14355','fixedReport.do?fixedReportId=100283','渠道方-游戏分省分业务月报','1','1','0','0',NULL,NULL,'1'), ('392','渠道方-本渠道分省月报','14354','fixedReport.do?fixedReportId=100168','渠道方-本渠道分省月报','1','1','0','0',NULL,NULL,'1'), ('10175','安卓','10140',NULL,'安卓','0','0','0','1','sunmeng',NULL,'0'), ('10142','IDO业务','10129',NULL,'IDO业务','10','0','0','0',NULL,NULL,'0'), ('10143','棋牌大赛','10140',NULL,'棋牌大赛','0','0','0','1','sunmeng',NULL,'0'), ('10144','弱联网','10140',NULL,'弱联网','0','0','0','1','sunmeng',NULL,'0'), ('10145','CMNET','10140',NULL,'CMNET','0','0','0','1','sunmeng',NULL,'0'), ('10146','终端内置','10129',NULL,'终端内置','12','0','0','0',NULL,NULL,'0'), ('423','深度运营月租业务月报','14245','fixedReport.do?fixedReportId=100140','深度运营月租业务月报','1','1','0','0',NULL,NULL,'1'), ('421','深度运营月租业务日报','14245','fixedReport.do?fixedReportId=100133','深度运营月租业务日报','0','1','0','0',NULL,NULL,'1'), ('386','终端内置日报','10146','fixedReport.do?fixedReportId=100229','终端内置日报','0','1','0','0',NULL,NULL,'0'), ('10366','指定赠送点数消费统计','10147','fixedReport.do?merge_id=12521&merge_title=选择报表周期','营销','0','0','0','0',NULL,NULL,'0'), ('10969','分省监控','10148',NULL,'分省监控','1','0','0','1','freedom',NULL,'0'), ('11143','分业务','10148',NULL,'分业务监控','1','0','0','0',NULL,NULL,'0'), ('10149','收入','10148',NULL,'收入异常监控','0','0','0','0',NULL,NULL,'0'), ('10150','系统监控','10148',NULL,'系统监控','1','0','0','1','sunmeng',NULL,'0'), ('10044','用户数异常监控','10148',NULL,'用户数异常监控','1','0','0','1','freedom',NULL,'0'), ('10814','网游常规监控','10149','fixedReport.do?fixedReportId=100586','全网网游收入监控日报','1','1','0','0',NULL,NULL,'0'), ('10813','单机常规监控','10149','fixedReport.do?fixedReportId=100585','全网单机收入监控日报','0','1','0','0',NULL,NULL,'0'), ('10815','游戏包常规监控','10149','fixedReport.do?fixedReportId=100587','全网包月收入监控日报','3','1','0','0',NULL,NULL,'0'), ('10975','PC游戏月报','14241','fixedReport.do?fixedReportId=100725','PC游戏月报','1','1','0','0',NULL,NULL,'1'), ('383','PC游戏分业务日报','13845','fixedReport.do?fixedReportId=100164','PC游戏分业务日报','7','1','0','0',NULL,NULL,'0'), ('10961','PC游戏日报','14241','fixedReport.do?fixedReportId=100707','PC游戏日报','0','1','0','0',NULL,NULL,'1'), ('10178','安卓分渠道日报','13323','fixedReport.do?fixedReportId=100163','安卓分渠道日报','2','1','0','0',NULL,NULL,'0'), ('10176','安卓整体日报','13323','fixedReport.do?fixedReportId=100158','安卓整体日报','0','1','0','0',NULL,NULL,'0'), ('10177','安卓分业务日报','13323','fixedReport.do?fixedReportId=100162','安卓分业务日报','1','1','0','0',NULL,NULL,'0'), ('10349','www门户','10184','wwwReport.do','www门户','0','1','0','0',NULL,NULL,'0'), ('10352','android门户','10184','androidChart.do','android门户','1','1','0','0',NULL,NULL,'0'), ('10185','wap门户','10184','wapReport.do','wap门户','2','1','0','0',NULL,NULL,'0'), ('10195','游戏用户数周报 ','14204','fixedReport.do?fixedReportId=100082','游戏用户数周报 ','3','1','0','0',NULL,NULL,'0'), ('10197','游戏包用户数周报 ','10193','fixedReport.do?fixedReportId=100865','游戏包用户数周报 ','2','1','0','1','huolejing',NULL,'0'), ('10199','分业务日报 ','10201','fixedReport.do?fixedReportId=100260','分业务日报 ','0','1','0','1','系统测试',NULL,'0'), ('10274','网游分业务日报','14238','fixedReport.do?fixedReportId=100261','网游分业务日报','0','1','0','0',NULL,NULL,'1'), ('10275','网游分道具日报','14240','fixedReport.do?fixedReportId=100263','网游分道具日报','0','1','0','0',NULL,NULL,'1'), ('10278','网游分道具月报','14240','fixedReport.do?fixedReportId=100267','网游分道具月报','1','1','0','0',NULL,NULL,'1'), ('10279','网游分渠道月报','14239','fixedReport.do?fixedReportId=100266','网游分渠道月报','1','1','0','0',NULL,NULL,'1'), ('10276','网游分渠道日报','14239','fixedReport.do?fixedReportId=100264','网游分渠道日报','0','1','0','0',NULL,NULL,'1'), ('10277','网游分业务月报','14238','fixedReport.do?fixedReportId=100265','网游分业务月报','1','1','0','0',NULL,NULL,'1'), ('10353','公测网游','10292',NULL,'公测网游','0','0','0','1','系统测试',NULL,'0'), ('10346','报表配置','10345','reportConfig.do','报表配置','0','1','0','0',NULL,NULL,'0'), ('10774','数据转换导入配置','10345','convertConfig.do','数据转换导入配置','5','1','0','0',NULL,NULL,'0'), ('10775','指标口径配置','10345','itemConfig.do','指标口径配置','3','1','0','0',NULL,NULL,'0'), ('10597','字段函数配置','10345','columnFunctionConfig.do','字段函数配置','4','1','0','0',NULL,NULL,'0'), ('10712','导入配置','10345','fileImportConfig.do','导入配置','2','1','0','0',NULL,NULL,'0'), ('10996','分渠道分门户投诉日报','10359','fixedReport.do?fixedReportId=105501','客服投诉分渠道分门户投诉日报','0','1','0','0',NULL,NULL,'0'), ('10360','客服投诉分业务日报','12880','fixedReport.do?fixedReportId=100290','客服投诉分业务日报','2','1','0','0',NULL,NULL,'0'), ('10780','自动化模板提取任务审批','10367','auditTask.do?auditTaskDto.ataskType=2','自动化模板提取任务审批','0','1','0','0',NULL,NULL,'0'), ('11073','旧任务提取','10367','fixedReport.do?fixedReportId=100805','旧任务提取','1','1','0','1','系统测试',NULL,'0'), ('10368','任务清单','10367','taskManager.do','任务清单','1','1','0','0',NULL,NULL,'0'), ('10593','付费图形报表','10371','http://112.4.19.17:8080/ibmcognos/cgi-bin/cognos.cgi?b_action=cognosViewer&ui.action=run&ui.object=%2fcontent%2ffolder%5b%40name%3d%27bi%27%5d%2ffolder%5b%40name%3d%27service%27%5d%2freport%5b%40name%3d%27income_analysis%27%5d&ui.name=income_analysis&run.outputFormat=&run.prompt=true&cv.header=false&cv.toolbar=false','付费图形报表','0','1','0','1','系统测试',NULL,'0'), ('10372','游戏大厅','10371',NULL,'游戏大厅','1','0','0','1','系统测试',NULL,'0'), ('10350','游戏大厅日报','10372','http://112.4.19.17:8080/ibmcognos/cgi-bin/cognos.cgi?b_action=cognosViewer&ui.action=run&ui.object=%2fcontent%2ffolder%5b%40name%3d%27bi%27%5d%2ffolder%5b%40name%3d%27gamedt%27%5d%2freport%5b%40name%3d%27bi_gamedt%27%5d&ui.name=bi_gamedt&run.outputFormat=&run.prompt=true&cv.header=false&cv.toolbar=false','游戏大厅日报','0','1','0','1','系统测试',NULL,'0'), ('10398','日报','10397',NULL,'日报','0','0','0','1','sunmeng',NULL,'0'), ('10402','游戏玩家汇总日报','14349','fixedReport.do?fixedReportId=100359','游戏玩家汇总日报','3','1','0','0',NULL,NULL,'0'), ('12554','分业务分渠道考核分类异常监控','12560','fixedReport.do?fixedReportId=103202','单机分业务分渠道考核分类异常监控日报','2','1','0','0',NULL,NULL,'0'), ('12569','网游分业务分渠道','10148',NULL,'网游分业务分渠道异常监控','5','0','0','0',NULL,NULL,'0'), ('12571','单机分省分业务分渠道','10148',NULL,'单机分省分业务分渠道异常监控','4','0','0','0',NULL,NULL,'0'), ('12573','网游分省分业务分渠道','10148',NULL,'网游分省分业务分渠道异常监控','6','0','0','0',NULL,NULL,'0'), ('12555','独立包分省分业务分渠道商分考核分类','12575','fixedReport.do?fixedReportId=103206','独立包分省分业务分渠道商分考核分类异常监控日报','4','1','0','0',NULL,NULL,'0'), ('12556','独立包分省分业务分渠道考核分类','12575','fixedReport.do?fixedReportId=103208','独立包分省分业务分渠道考核分类异常监控日报','1','1','0','0',NULL,NULL,'0'), ('12602','渠道统计','10134',NULL,'渠道统计','5','1','0','1','freedom',NULL,'0'), ('12603','渠道统计','10134',NULL,'渠道统计','2','0','0','0',NULL,NULL,'0'), ('12587','分业务分省分渠道商分渠道考核分类日报','12603','fixedReport.do?fixedReportId=103148','合管方分业务分省分渠道商分渠道考核分类日报','2','1','0','0',NULL,NULL,'0'), ('12588','分业务分省分渠道考核分类日报','12603','fixedReport.do?fixedReportId=103149','合管方分业务分省分渠道考核分类日报','3','1','0','0',NULL,NULL,'0'), ('12607','套餐包业务分省分渠道商分渠道考核分类日报','12603','fixedReport.do?fixedReportId=103169','合管方套餐包业务分省分渠道商分渠道考核分类日报','8','1','0','0',NULL,NULL,'0'), ('12589','套餐包业务分省分渠道考核分类日报','12603','fixedReport.do?fixedReportId=103170','合管方套餐包业务分省分渠道考核分类日报','9','1','0','0',NULL,NULL,'0'), ('12591','分省分业务监控','11141','operaterMonitor1.do','分省分业务监控','1','1','0','0',NULL,NULL,'0'), ('12592','分业务分渠道监控','11141','operaterMonitor2.do','分业务分渠道监控','2','1','0','0',NULL,NULL,'0'), ('12862','单业务指标配置','10345','serviceConfig.do','单业务指标配置','6','1','0','0',NULL,NULL,'0'), ('12863','指标类型配置','10345','categoryConfig.do','指标类型配置','7','1','0','0',NULL,NULL,'0'), ('12864','指标配置','10345','indicatorConfig.do','指标配置','8','1','0','0',NULL,NULL,'0'), ('12865','单业务分析','10',NULL,'单业务分析','7','0','0','0',NULL,NULL,'0'), ('12866','收入日分析','12865','singleService/incomeDayReport.do','收入日分析','0','1','0','0',NULL,NULL,'0'), ('12867','收入7日分析','12865','singleService/incomeSevenDayReport.do','收入7日分析','1','1','0','0',NULL,NULL,'0'), ('12868','收入月分析','12865','singleService/incomeMonthReport.do','收入月分析','2','1','0','0',NULL,NULL,'0'), ('12869','下载日分析','12865','singleService/downDayReport.do','下载日分析','3','1','0','0',NULL,NULL,'0'), ('12870','下载月分析','12865','singleService/downMonthReport.do','下载月分析','4','1','0','0',NULL,NULL,'0'), ('13381','其他指标','1',NULL,NULL,'10','0','0','1','sunmeng',NULL,'0'), ('14351','付费使用用户数','14348','fixedReport.do?merge_id=10009&merge_title=选择报表周期',NULL,'7','0','0','0',NULL,NULL,'0'), ('12930','分合作伙伴分省分渠道商分渠道考核分类日报','12603','fixedReport.do?fixedReportId=105822','合管方分合作伙伴分省分渠道商分渠道考核分类日报','14','1','0','0',NULL,NULL,'0'), ('12931','分合作伙伴分省分渠道考核分类日报','12603','fixedReport.do?fixedReportId=105823','合管方分合作伙伴分省分渠道考核分类日报','15','1','0','0',NULL,NULL,'0'), ('13401','各级别业务占比','13865','fixedreport/productsingle/serviceReport.do','各级别业务占比','1','1','0','0',NULL,NULL,'0'), ('13402','业务历史排名情况','13865','fixedreport/productsingle/serviceRateReport.do','业务历史排名情况','2','1','0','0',NULL,NULL,'0'), ('14353','公告页推广套餐包','10147',NULL,NULL,'1','0','0','0',NULL,NULL,'0'), ('12966','APP数据管理','9',NULL,'APP数据管理','9','0','0','0',NULL,NULL,'0'), ('12969','用户导入','12966','fileImport.do?impConfId=10362','用户导入','0','1','0','0',NULL,NULL,'0'), ('13001','APP数据配置','6',NULL,'APP数据配置','13','0','0','0',NULL,NULL,'0'), ('13002','渠道导入','13001','fileImport.do?impConfId=10361','渠道导入','0','1','0','0',NULL,NULL,'0'), ('12982','合作伙伴业务关系导入','13001','fileImport.do?impConfId=10360','合作伙伴业务关系导入','1','1','0','0',NULL,NULL,'0'), ('12983','业务状态统计','10129',NULL,'商用流程统计','15','0','0','1','freedom',NULL,'0'), ('14444','ss','14183','fixedReport.do?fixedReportId=11','s','6','1','0','1','freedom',NULL,'0');
INSERT INTO `tb_bi_menu` VALUES ('13107','游戏大厅','13103','datareport/businessdata.do','游戏大厅','0','1','0','0',NULL,NULL,'0'), ('13121','系统权限管理','9',NULL,'系统权限管理','3','0','0','1','系统测试',NULL,'0'), ('13141','测试','10121','fixedReport.do?fixedReportId=120000',NULL,'1','1','0','1','huolejing',NULL,'0'), ('13422','合作伙伴分业务分渠道实时统计报表','10135','fixedReport.do?fixedReportId=121123','合作伙伴分业务分渠道实时统计报表','5','1','0','1','huolejing',NULL,'0'), ('13423','合作伙伴分业务分道具实时统计报表','10135','fixedReport.do?fixedReportId=121124','合作伙伴分业务分道具实时统计报表','5','1','0','1','huolejing',NULL,'0'), ('13424','test','1',NULL,'test','10','0','0','1','huolejing',NULL,'0'), ('13425','安卓单机分层分级优选业务月报','13865','fixedReport.do?fixedReportId=121125','安卓单机分层分级优选业务月报','3','1','0','0',NULL,NULL,'0'), ('13146','游戏玩家特惠版用户行为月报','10130','fixedReport.do?fixedReportId=130001','游戏玩家特惠版用户行为月报','18','1','0','0',NULL,NULL,'0'), ('13123','验证集团白名单','5','startVerifyPhoneNum.do?tile=验证集团用户是否白名单','验证集团白名单','7','1','0','1','系统测试',NULL,'0'), ('13124','验证白名单','10472','startVerifyPhoneNum.do?tile=验证集团用户是否白名单','验证白名单','5','1','0','0',NULL,NULL,'0'), ('13161','分机型系统访问月报','10146','fixedReport.do?fixedReportId=100156','分机型系统访问月报','1','1','0','1','freedom',NULL,'0'), ('13127','SDK AIR-PUSH上行请求量统计日报','13087','fixedReport.do?fixedReportId=130002','SDK AIR-PUSH上行请求量统计日报','4','1','0','0',NULL,NULL,'0'), ('13162','弱联网','10129',NULL,'弱联网','15','0','0','1','freedom',NULL,'0'), ('13181','和娱乐包统计日报','10130','fixedReport.do?fixedReportId=121000','和娱乐包统计日报','18','1','0','0',NULL,NULL,'0'), ('13184','家庭游戏终端日报','12524','fixedReport.do?fixedReportId=120006','家庭游戏终端日报','0','1','0','1','huolejing',NULL,'0'), ('13201','分机型系统访问月报','10146','fixedReport.do?fixedReportId=100156','分机型系统访问月报','1','1','0','0',NULL,NULL,'0'), ('13202','机型信息月报','10146','fixedReport.do?fixedReportId=100157','机型信息月报','2','1','0','0',NULL,NULL,'0'), ('13206','SDK计费点统计日报','14206','fixedReport.do?fixedReportId=121003','合作方SDK计费点统计日报','1','1','0','0',NULL,NULL,'0'), ('13207','付费额度分布月报','14206','fixedReport.do?fixedReportId=121004','合作方付费额度分布月报','3','1','0','0',NULL,NULL,'0'), ('13208','分业务收入排名','14206','fixedReport.do?fixedReportId=121005','合作方分业务收入排名报表','4','1','0','0',NULL,NULL,'0'), ('13209','分产品线分业务使用用户排名','14206','fixedReport.do?fixedReportId=121006','合作方分产品线分业务使用用户数排名报表','5','1','0','0',NULL,NULL,'0'), ('13210','SPM','10124',NULL,'SPM','3','0','0','0',NULL,NULL,'0'), ('13217','产品日报','13565','fixedReport.do?fixedReportId=121013','产品日报','0','1','0','0',NULL,NULL,'1'), ('13218','产品周报','13565','fixedReport.do?fixedReportId=121014','产品周报','1','1','0','0',NULL,NULL,'1'), ('13219','产品月报','13565','fixedReport.do?fixedReportId=121015','产品月报','2','1','0','0',NULL,NULL,'1'), ('13238','游戏下载日报','13569','fixedReport.do?fixedReportId=121034','游戏下载日报','0','1','0','0',NULL,NULL,'1'), ('13239','游戏下载周报','13569','fixedReport.do?fixedReportId=121035','游戏下载周报','1','1','0','0',NULL,NULL,'1'), ('13240','游戏下载月报','13569','fixedReport.do?fixedReportId=121037','游戏下载月报','2','1','0','0',NULL,NULL,'1'), ('13261','内容商用流程','13783',NULL,'内容商用流程','1','0','0','0',NULL,NULL,'0'), ('13262','业务商用统计日报','13261','fixedReport.do?fixedReportId=121100','业务商用统计日报','0','1','0','0',NULL,NULL,'0'), ('13264','业务商用申报汇总(内容提交时间查询)','13261','fixedReport.do?fixedReportId=121103','业务商用申报汇总(内容提交时间查询)','2','1','0','0',NULL,NULL,'0'), ('13265','业务商用申报汇总(正式商用时间查询)','13261','fixedReport.do?fixedReportId=121104','业务商用申报汇总(正式商用时间查询)','3','1','0','0',NULL,NULL,'0'), ('13281','社会渠道配置','6',NULL,'社会渠道','14','0','0','0',NULL,NULL,'0'), ('13282','社会渠道信息导入','13281','fileImport.do?impConfId=10400','社会渠道信息导入','0','1','0','0',NULL,NULL,'0'), ('13283','社会渠道信息配置','13281','socialchannel.do','社会渠道信息配置','1','1','0','0',NULL,NULL,'0'), ('13284','搜索','10833','fixedReport.do?fixedReportId=105900','门户搜索日报','3','1','0','0',NULL,NULL,'0'), ('13266','游戏大厅玩家日报','13499','fixedReport.do?fixedReportId=100646','游戏大厅玩家日报','0','1','0','0',NULL,NULL,'1'), ('13267','游戏大厅玩家月报','13499','fixedReport.do?fixedReportId=100647','游戏大厅玩家月报','1','1','0','0',NULL,NULL,'1'), ('13302','安卓','10129',NULL,'安卓','16','0','0','1','sunmeng',NULL,'0'), ('13303','SDK退出推荐位统计日报','13087','fixedReport.do?fixedReportId=121107','SDK退出推荐位统计日报','3','1','0','0',NULL,NULL,'0'), ('13304','公告页推广套餐包日报','14353','fixedReport.do?fixedReportId=121106','公告页推广套餐包日报','0','1','0','0',NULL,NULL,'0'), ('13311','wlanacname数据维护','260','fileImport.do?impConfId=10420','wlanacname数据维护','3','1','0','0',NULL,NULL,'0'), ('13268','游戏大厅玩家日报','10128','fixedReport.do?fixedReportId=100646','游戏大厅玩家日报','22','1','0','1','freedom',NULL,'1'), ('13312','游戏大厅玩家月报','10128','fixedReport.do?fixedReportId=100647','游戏大厅玩家月报','22','1','0','1','freedom',NULL,'1'), ('13269','投诉工单查询','10359','fixedReport.do?fixedReportId=121114','投诉工单查询','2','1','0','0',NULL,NULL,'0'), ('13270','投诉工单月报','10359','fixedReport.do?fixedReportId=121115','投诉工单统计月报','4','1','0','0',NULL,NULL,'0'), ('13321','投诉工单处理人对应部门关系维护查询','262','fixedReport.do?fixedReportId=121116','投诉工单处理人对应部门关系维护查询','5','1','0','0',NULL,NULL,'0'), ('13322','安卓','10129',NULL,'安卓','16','1','0','1','freedom',NULL,'0'), ('13323','安卓','10129',NULL,'安卓','2','0','0','0',NULL,NULL,'0'), ('13324','Touchpay安卓分业务日报','14233','fixedReport.do?fixedReportId=121117','Touchpay安卓分业务日报','0','1','0','0',NULL,NULL,'1'), ('13325','Touchpay安卓分业务月报','14233','fixedReport.do?fixedReportId=121118','Touchpay安卓分业务月报','1','1','0','0',NULL,NULL,'1'), ('13326','Touchpay安卓分业务分渠道日报','14234','fixedReport.do?fixedReportId=121119','Touchpay安卓分业务分渠道日报','0','1','0','0',NULL,NULL,'1'), ('13327','Touchpay安卓分业务分渠道月报','14234','fixedReport.do?fixedReportId=121120','Touchpay安卓分业务分渠道月报','1','1','0','0',NULL,NULL,'1'), ('13341','安卓单机业务优选报表','13865','fixedReport.do?fixedReportId=121121','安卓单机业务优选报表','0','1','0','0',NULL,NULL,'0'), ('13421','合作伙伴分业务实时统计报表','10135','fixedReport.do?fixedReportId=121122','合作伙伴分业务实时统计报表','5','1','0','1','huolejing',NULL,'0'), ('13441','独立包','10129',NULL,'独立包','16','0','0','1','freedom',NULL,'0'), ('13442','独立包活跃用户日报','10130','fixedReport.do?fixedReportId=121126','独立包活跃用户日报','8','1','0','0',NULL,NULL,'0'), ('13426','独立包新增活跃用户日报','10130','fixedReport.do?fixedReportId=121127','独立包新增活跃用户日报','7','1','0','0',NULL,NULL,'0'), ('13443','独立包新增用户留存月报','10130','fixedReport.do?fixedReportId=121128','独立包新增用户留存月报','9','1','0','0',NULL,NULL,'0'), ('13444','游戏包分套餐包类型日报','10130','fixedReport.do?fixedReportId=121129','游戏包分套餐包类型日报','19','1','0','0',NULL,NULL,'0'), ('13427','点播类基础报表','10129',NULL,'点播类基础报表','16','0','0','0',NULL,NULL,'0'), ('13445','点播类个性报表','10129',NULL,'点播类个性报表','17','0','0','0',NULL,NULL,'0'), ('13446','点播类分业务日报','10129',NULL,'点播类分业务日报','18','0','0','0',NULL,NULL,'0'), ('13447','点播类分业务月报','10129',NULL,'点播类分业务月报','19','0','0','0',NULL,NULL,'0'), ('12593','分省分业务分渠道监控','11141','operaterMonitor3.do','分省分业务分渠道监控','3','1','0','0',NULL,NULL,'0'), ('12608','统接渠道分渠道分业务日报','10137','fixedReport.do?fixedReportId=103125','统接渠道分渠道分业务日报','3','1','0','0',NULL,NULL,'0'), ('12610','分省分业务运营异常监控','11141',NULL,'分省分业务运营异常监控','4','0','0','1','freedom',NULL,'0'), ('12641','导入查询管理','9',NULL,'导入查询管理','8','0','0','0',NULL,NULL,'0'), ('12642','资料同步表导入','12641','fileImport.do?impConfId=10140','资料同步表导入','0','1','0','0',NULL,NULL,'0'), ('12643','资料同步表查询','12641','fixedReport.do?fixedReportId=105560','资料同步表查询','1','1','0','0',NULL,NULL,'0'), ('12660','报表公告','10113',NULL,'报表公告','2','0','0','1','huolejing',NULL,'0'), ('12680','报表公告','10113','announcement.do','报表公告','2','1','0','0',NULL,NULL,'0'), ('12600','分业务分渠道考核分类','12569','fixedReport.do?fixedReportId=104504','网游分业务分渠道考核分类异常监控日报','2','1','0','0',NULL,NULL,'0'), ('12640','导入查询管理','9',NULL,'导入查询管理','8','1','0','1','freedom',NULL,'0'), ('13484','登陆用户','13464','analysis/loginUserReport.do','登陆用户','2','1','0','0',NULL,NULL,'0'), ('13488','新增付费','13487','income/contributionReport.do','新增付费','4','1','0','0',NULL,NULL,'0'), ('13489','推广渠道','13461',NULL,'推广渠道','5','0','0','0',NULL,NULL,'0'), ('13490','渠道数据','13489','income/userchannelReport.do','渠道数据','0','1','0','0',NULL,NULL,'0'), ('13491','行业动态','13473','data/trendReport.do','行业动态','1','1','0','1','freedom',NULL,'0'), ('14355','渠道方-游戏分省分业务报表','10137','fixedReport.do?merge_id=10369&merge_title=选择报表周期',NULL,'1','0','0','0',NULL,NULL,'0'), ('14404','ss','13522','fixedReport.do?fixedReportId=100392','ss','2','1','0','1','freedom',NULL,'1'), ('13499','玩家','10128','fixedReport.do?merge_id=13266&merge_title=选择报表周期','游戏大厅玩家报表','13','0','0','0',NULL,NULL,'0'), ('13500','游戏大厅签到报表','10128','fixedReport.do?merge_id=12941&merge_title=选择报表周期','游戏大厅签到报表','22','0','0','1','freedom',NULL,'0'), ('13521','栏目','10128','fixedReport.do?merge_id=10392&merge_title=选择报表周期','游戏大厅栏目报表','9','0','0','0',NULL,NULL,'0'), ('14205','总体情况','10134',NULL,'总体情况','0','0','0','0',NULL,NULL,'0'), ('13568','专题下载量报表','13210','fixedReport.do?merge_id=13230&merge_title=选择报表周期','专题下载量报表','1','0','0','1','freedom',NULL,'0'), ('13569','游戏下载报表','13210','fixedReport.do?merge_id=13238&merge_title=选择报表周期','游戏下载报表','1','0','0','0',NULL,NULL,'0'), ('13570','产品专题下载统计报表','13210','fixedReport.do?merge_id=13244&merge_title=选择报表周期','产品专题下载统计报表','2','0','0','1','freedom',NULL,'0'), ('13571','信息费报表','12227','fixedReport.do?merge_id=208&merge_title=选择报表周期','信息费报表','1','0','0','1','freedom',NULL,'0'), ('13572','付费使用用户数报表','12227','fixedReport.do?merge_id=222&merge_title=选择报表周期','付费使用用户数报表','1','0','0','1','freedom',NULL,'0'), ('13602','分省分业务分渠道一级分类','12573','fixedReport.do?fixedReportId=103209','网游分省分业务分渠道一级分类异常监控日报','1','1','0','0',NULL,NULL,'0'), ('14228','客服投诉','10134',NULL,'客服投诉','7','0','0','1','huolejing',NULL,'0'), ('13661','合作伙伴模块分业务','14205','fixedReport.do?fixedReportId=121135&af=cpService','合作伙伴模块分业务报表','12','1','0','0',NULL,NULL,'0'), ('13689','合作方概览','13461',NULL,'合作方概览','1','0','0','0',NULL,NULL,'0'), ('13690','业务统计','13689',NULL,'业务统计','0','0','0','0',NULL,NULL,'0'), ('13693','合作伙伴模块分业务报表','13690','fixedReport.do?fixedReportId=121135&af=cpService','合作伙伴模块分业务报表','0','1','0','0',NULL,NULL,'0'), ('13695','合作伙伴包月业务统计报表','13692','fixedReport.do?fixedReportId=121145&af=cpService2','合作伙伴包月业务统计报表','0','1','0','0',NULL,NULL,'0'), ('13702','智能机业务收入实时监控报表','10475','fixedReport.do?fixedReportId=121156','智能机业务收入实时监控报表','2','1','0','0',NULL,NULL,'0'), ('13721','游戏测试信息统计月报','14226','fixedReport.do?fixedReportId=121157','游戏测试信息统计月报','0','1','0','0',NULL,NULL,'0'), ('13723','游戏测试单价信息维护','13722','fixedReport.do?fixedReportId=121158','游戏测试单价信息维护','0','1','0','0',NULL,NULL,'0');
INSERT INTO `tb_bi_menu` VALUES ('13743','合作方分渠道分业务日报 ','14212','fixedReport.do?fixedReportId=100177','合作方分渠道分业务日报 ','1','1','0','0',NULL,NULL,'1'), ('13745','合作方分省分渠道套餐包业务月报 ','14213','fixedReport.do?fixedReportId=100187','合作方分省分渠道套餐包业务月报 ','1','1','0','0',NULL,NULL,'1'), ('13746','分业务实时统计','14205','fixedReport.do?fixedReportId=121122','合作伙伴分业务实时统计报表 ','9','1','0','0',NULL,NULL,'0'), ('13821','异网融合计费分业务分渠道报表','11105','fixedReport.do?fixedReportId=121165','异网融合计费分业务分渠道报表','3','1','0','0',NULL,NULL,'0'), ('13842','日报','13841',NULL,'日报','0','0','0','1','freedom',NULL,'0'), ('13862','网游总表','10129',NULL,'网游总表','4','0','0','0',NULL,NULL,'0'), ('13863','手机客户端网游','10129',NULL,'手机客户端网游','5','0','0','0',NULL,NULL,'0'), ('13844','手机页游','10129',NULL,'手机页游','7','0','0','0',NULL,NULL,'0'), ('13845','PC客户端网游','10129',NULL,'PC客户端网游','6','0','0','0',NULL,NULL,'0'), ('13846','单机','10129',NULL,'单机','0','0','0','0',NULL,NULL,'0'), ('14025','新SDK版本配置','14027','newSdkVersion.do','新SDK版本配置','0','1','0','0',NULL,NULL,'0'), ('13961','家庭游戏SDK分业务分渠道用户行为月报','14250','fixedReport.do?fixedReportId=121178','家庭游戏SDK分业务分渠道用户行为月报','0','1','0','0',NULL,NULL,'1'), ('13962','家庭游戏SDK分业务分渠道分小时用户行为日报','14250','fixedReport.do?fixedReportId=121177','家庭游戏SDK分业务分渠道分小时用户行为日报','1','1','0','0',NULL,NULL,'1'), ('13964','测试仿真系统日报','14183','fixedReport.do?fixedReportId=121180','游戏基地测试仿真系统汇总提交任务统计日报','3','1','0','0',NULL,NULL,'0'), ('13971','游戏玩家营销支撑费商务模式统计结果报表','10137','fixedReport.do?fixedReportId=121193','游戏玩家营销支撑费商务模式统计结果报表','5','1','0','0',NULL,NULL,'0'), ('13974','AppleWatch下载','13985','applewatchTask.do','AppleWatch下载','0','1','0','0',NULL,NULL,'0'), ('13975','数据维护','13664',NULL,'数据维护','3','0','0','0',NULL,NULL,'0'), ('14083','测试','10124',NULL,NULL,'7','0','0','1','freedom',NULL,'0'), ('14067','月报扶植期配置表','14066','marketsupport.do','月报扶植期配置表','0','1','0','0',NULL,NULL,'0'), ('14123','合作伙伴在线客服日报','10359','fixedReport.do?fixedReportId=121206','合作伙伴在线客服统计日报','3','1','0','0',NULL,NULL,'0'), ('14143','白名单消费月报','10149','fixedReport.do?fixedReportId=121207','白名单消费月报','8','1','0','0',NULL,NULL,'0'), ('14163','客服投诉分渠道日报（供服务管控查看）','12880','fixedReport.do?fixedReportId=105540','客服投诉分渠道日报（供服务管控查看）','2','1','0','0',NULL,NULL,'0'), ('14208','一线客服投诉','10134',NULL,'一线客服投诉','7','0','0','1','huolejing',NULL,'0'), ('14211','点数统计报表','14183','fixedReport.do?merge_id=10918&merge_title=选择报表周期','点数统计报表','5','0','0','0',NULL,NULL,'0'), ('14212','分渠道分业务','14205','fixedReport.do?merge_id=13743&merge_title=选择报表周期','分渠道分业务报表','15','0','0','0',NULL,NULL,'0'), ('14214','分业务报表','13846','fixedReport.do?merge_id=10233&merge_title=选择报表周期','分业务报表','1','0','0','0',NULL,NULL,'0'), ('14215','分渠道报表','13846','fixedReport.do?merge_id=10234&merge_title=选择报表周期','分渠道报表','2','0','0','0',NULL,NULL,'0'), ('14216','安全计费业务付费流程转化分析(用户数)','14106','income/safeFeeTransUserReport.do','安全计费业务付费流程转化分析(用户数)','3','1','0','0',NULL,NULL,'0'), ('14217','安全计费业务平台计费请求到达分析(用户数)','14106','income/safeFeeReachUserReport.do','安全计费业务平台计费请求到达分析(用户数)','4','1','0','0',NULL,NULL,'0'), ('14218','SDK汇总报表','11105','fixedReport.do?merge_id=11106&merge_title=选择报表周期','SDK汇总报表','2','0','0','0',NULL,NULL,'0'), ('14265','月累计到账（指定赠送点数）','14272','fixedReport.do?fixedReportId=121212','咪咕指定赠送点数月度累计到账报表','0','1','0','0',NULL,NULL,'0'), ('14266','分活动日报（指定赠送点数）','14272','fixedReport.do?fixedReportId=121208&af=specifyPoint','指定赠送点数日报—分活动','2','1','0','0',NULL,NULL,'0'), ('13481','概览','13461',NULL,'概览','0','0','0','0',NULL,NULL,'0'), ('13486','页面访问','13464','analysis/pageAccessReport.do','页面访问','7','1','0','0',NULL,NULL,'0'), ('13487','付费分析','13461',NULL,'付费分析','4','0','0','0',NULL,NULL,'0'), ('13478','产品分渠道','10128','fixedReport.do?merge_id=196&merge_title=选择报表周期','游戏大厅产品报表-分渠道','4','0','0','0',NULL,NULL,'0'), ('13479','产品分产品','10128','fixedReport.do?merge_id=197&merge_title=选择报表周期','游戏大厅产品报表-分产品','2','0','0','0',NULL,NULL,'0'), ('13480','客户端分省','10128','fixedReport.do?merge_id=184&merge_title=选择报表周期','游戏大厅客户端报表-分省','6','0','0','0',NULL,NULL,'0'), ('13501','客户端分渠道','10128','fixedReport.do?merge_id=186&merge_title=选择报表周期','游戏大厅客户端报表-分渠道','7','0','0','0',NULL,NULL,'0'), ('13502','客户端版本','10128','fixedReport.do?merge_id=10913&merge_title=选择报表周期','游戏大厅客户端版本报表','8','0','0','0',NULL,NULL,'0'), ('13541','整体分析（按小时）','10',NULL,'整体分析（按小时）','9','0','0','0',NULL,NULL,'0'), ('13542','分省分渠道下载','13541','realtime/provinceReport.do','分省分渠道下载','0','1','0','0',NULL,NULL,'0'), ('13543','点击下载分析（按小时）','10773','portal/downhourReport.do','点击下载分析（按小时）','7','1','0','0',NULL,NULL,'0'), ('13544','按小时分析','11093',NULL,'按小时分析','6','0','0','0',NULL,NULL,'0'), ('13550','产品分类下载统计报表','13210','fixedReport.do?merge_id=13241&merge_title=选择报表周期','产品分类下载统计报表','2','0','0','1','freedom',NULL,'0'), ('13551','游戏下载报表','12227','fixedReport.do?merge_id=10108&merge_title=选择报表周期','游戏下载报表','1','0','0','1','freedom',NULL,'0'), ('13664','投诉数据','13461',NULL,'投诉数据','6','0','0','0',NULL,NULL,'0'), ('13665','一线投诉','13664','complain/frontLineReport.do','一线投诉','0','1','0','0',NULL,NULL,'0'), ('13666','付费请求ARPU及转化率','13487','income/feeincomeReport.do','付费请求ARPU及转化率','3','1','0','0',NULL,NULL,'0'), ('13688','分省网游收入监控日报','10149','fixedReport.do?fixedReportId=100768','分省网游收入监控日报','7','1','0','0',NULL,NULL,'0'), ('13691','道具统计','13689',NULL,'道具统计','1','0','0','0',NULL,NULL,'0'), ('13692','包月统计','13689',NULL,'包月统计','2','0','0','0',NULL,NULL,'0'), ('13722','测试','6',NULL,'测试','17','0','0','0',NULL,NULL,'0'), ('13744','合作方分省分渠道套餐包业务日报 ','14213','fixedReport.do?fixedReportId=100180','合作方分省分渠道套餐包业务日报 ','0','1','0','0',NULL,NULL,'1'), ('13726','包月业务续费统计月报 ','14205','fixedReport.do?fixedReportId=100190','包月业务续费统计月报 ','5','1','0','0',NULL,NULL,'0'), ('13727','合作方分渠道分业务月报 ','14212','fixedReport.do?fixedReportId=100184','合作方分渠道分业务月报 ','0','1','0','0',NULL,NULL,'1'), ('13747','分业务分渠道实时统计','14205','fixedReport.do?fixedReportId=121123','合作伙伴分业务分渠道实时统计报表 ','8','1','0','0',NULL,NULL,'0'), ('13748','分业务分道具实时统计','14205','fixedReport.do?fixedReportId=121124','合作伙伴分业务分道具实时统计报表 ','7','1','0','0',NULL,NULL,'0'), ('13761','安卓网游业务分层分级报表','13865','fixedReport.do?fixedReportId=121160','安卓网游业务分层分级报表','4','1','0','0',NULL,NULL,'0'), ('13941','商用15天业务导入','13921','fileImport.do?impConfId=10520 ','商用15天业务导入','0','1','0','0',NULL,NULL,'0'), ('13942','家庭游戏终端月报','12524','fixedReport.do?fixedReportId=121174','家庭游戏终端月报','0','1','0','0',NULL,NULL,'0'), ('13943','分时段信息费统计日报','12524','fixedReport.do?fixedReportId=121175','分时段信息费统计日报','1','1','0','0',NULL,NULL,'0'), ('13944','SDK报表','10129',NULL,'SDK报表','22','0','0','0',NULL,NULL,'0'), ('13963','SDK栏目','10126','fixedReport.do?fixedReportId=121179','SDK栏目报表','2','1','0','0',NULL,NULL,'0'), ('13966','一线投诉分析','13664','complainAnaly.do','一线投诉分析','1','1','0','0',NULL,NULL,'0'), ('13983','一线投诉分析报表','13664','fixedReport.do?fixedReportId=121182&af=cpService5','一线投诉分析报表','2','1','0','0',NULL,NULL,'0'), ('13968','重点业务监控','440','fixedReport.do?fixedReportId=121195','重点业务监控','1','1','0','0',NULL,NULL,'0'), ('13984','重点渠道公司','440','fixedReport.do?fixedReportId=121196','重点渠道公司','2','1','0','0',NULL,NULL,'0'), ('14003','付费漏斗','13487','income/feeFunnelReport.do','付费漏斗','1','1','0','0',NULL,NULL,'0'), ('14085','产品专题下载统计报表','13210',NULL,'产品专题下载统计报表','2','1','0','1','freedom',NULL,'0'), ('14086','产品专题下载统计报表','13210','fixedReport.do?merge_id=13244&merge_title=选择报表周期','产品专题下载统计报表','2','0','0','1','freedom',NULL,'0'), ('14065','分省充值行为日报','14348','fixedReport.do?fixedReportId=121201','分省充值行为日报','1','1','0','0',NULL,NULL,'0'), ('14068','安全计费业务付费流程转化分析(次数)','14106','income/safeFeeTransReport.do','安全计费业务付费流程转化分析(次数)','0','1','0','0',NULL,NULL,'0'), ('14069','安全计费业务平台计费请求到达分析(次数)','14106','income/safeFeeReachReport.do','安全计费业务平台计费请求到达分析(次数)','1','1','0','0',NULL,NULL,'0'), ('14070','易数','0','yishu','易数','8','1','0','0',NULL,NULL,'0'), ('14203','信息费报表','14183','fixedReport.do?merge_id=209&merge_title=选择报表周期','信息费报表','4','0','0','1','huolejing',NULL,'0'), ('14284','月累计消费（指定赠送点数）','14272','fixedReport.do?fixedReportId=121213','咪咕指定赠送点数月度累计消费报表','1','1','0','0',NULL,NULL,'0'), ('14304','分时段收入日报','14206','fixedReport.do?fixedReportId=121001','合作方分时段收入日报','2','1','0','0',NULL,NULL,'0'), ('14305','122','1',NULL,NULL,'9','0','0','1','huolejing',NULL,'0'), ('14306','d','14305',NULL,NULL,'0','1','0','1','huolejing',NULL,'0'), ('14307','付费使用用户数','14225','fixedReport.do?merge_id=222&merge_title=选择报表周期','付费使用用户数','2','0','0','0',NULL,NULL,'0'), ('14324','分渠道商分业务月累计日报','12603','fixedReport.do?fixedReportId=121219','合作伙伴分渠道商分业务月累计日报','13','1','0','0',NULL,NULL,'0'), ('14348','运营指标','344',NULL,NULL,'0','0','0','0',NULL,NULL,'0'), ('14366','门户营销相关','344',NULL,NULL,'2','0','0','0',NULL,NULL,'0'), ('14354','渠道方本渠道分省报表','10137','fixedReport.do?merge_id=391&merge_title=选择报表周期',NULL,'0','0','0','0',NULL,NULL,'0'), ('14367','合作伙伴资质引入签约率','13764','monitor/spflowReport.do','合作伙伴资质引入签约率','2','1','0','0',NULL,NULL,'0'), ('13448','PC网游月报','10151','fixedReport.do?fixedReportId=100725','PC网游月报','0','1','0','1','freedom',NULL,'1'), ('13461','咪咕游戏大数据（公测版）','0',NULL,'咪咕游戏大数据（公测版）','7','0','0','0',NULL,NULL,'0'), ('13462','游戏概况','13481','summary/gameSummaryReport.do','游戏概况','0','1','0','0',NULL,NULL,'0'), ('13463','日报','13481','summary/dailyReport.do','日报','1','1','0','0',NULL,NULL,'0'), ('13464','用户分析','13461',NULL,'用户分析','3','0','0','0',NULL,NULL,'0'), ('13465','用户留存','13464','analysis/remainUserReport.do','用户留存','3','1','0','0',NULL,NULL,'0'), ('13466','付费页面访问','13487','analysis/interfaceCntReport.do','付费页面访问','2','1','0','1','freedom',NULL,'0'), ('13467','付费转化','13487','analysis/feeUserReport.do','付费转化','0','1','0','0',NULL,NULL,'0'), ('13469','玩家设备','13464','analysis/userDeviceReport.do','玩家设备','6','1','0','0',NULL,NULL,'0'), ('13470','付费请求金额','13487','income/incomeDataReport.do','付费请求金额','2','1','0','0',NULL,NULL,'0'), ('13471','付费请求ARPU及转化率','13487','income/feeincomeReport.do','付费请求ARPU及转化率','4','1','0','1','freedom',NULL,'0'), ('13472','付费习惯','13487','income/rechargeReport.do','付费习惯','5','1','0','0',NULL,NULL,'0'), ('13473','行业数据','13461',NULL,'行业数据','2','0','0','0',NULL,NULL,'0'), ('13474','行业指数','13473','data/exponentReport.do','行业指数','0','1','0','0',NULL,NULL,'0');
INSERT INTO `tb_bi_menu` VALUES ('13475','业务状态统计','10129',NULL,'业务状态统计','14','0','0','0',NULL,NULL,'0'), ('13503','游戏大厅用户流量报表','10128','fixedReport.do?merge_id=10600&merge_title=选择报表周期','游戏大厅用户流量报表','22','0','0','1','freedom',NULL,'0'), ('13504','搜索关键字','10128','fixedReport.do?merge_id=10612&merge_title=选择报表周期','搜索关键字报表','10','0','0','0',NULL,NULL,'0'), ('14024','分省包月收入监控日报','10149','fixedReport.do?fixedReportId=121198','分省包月收入监控日报','5','1','0','0',NULL,NULL,'0'), ('13565','产品报表','13210','fixedReport.do?merge_id=13217&merge_title=选择报表周期','产品报表','0','0','0','0',NULL,NULL,'0'), ('13547','专题业务访问报表','13210','fixedReport.do?merge_id=13220&merge_title=选择报表周期','专题业务访问报表','1','0','0','1','freedom',NULL,'0'), ('13548','搜索关键字报表','13210','fixedReport.do?merge_id=13223&merge_title=选择报表周期','搜索关键字报表','1','0','0','1','freedom',NULL,'0'), ('13566','业务订购报表','13210','fixedReport.do?merge_id=13226&merge_title=选择报表周期','业务订购报表','1','0','0','1','freedom',NULL,'0'), ('13567','跳转报表','13210','fixedReport.do?merge_id=13229&merge_title=选择报表周期','跳转报表','1','0','0','1','freedom',NULL,'0'), ('13549','帮助访问报表','13210','fixedReport.do?merge_id=13235&merge_title=选择报表周期','帮助访问报表','1','0','0','1','freedom',NULL,'0'), ('13601','分省分业务分渠道一级分类','12571','fixedReport.do?fixedReportId=103188','单机分省分业务分渠道一级分类异常监控日报','1','1','0','0',NULL,NULL,'0'), ('13681','分业务分道具统计','14205','fixedReport.do?fixedReportId=121143&af=cpService3','合作伙伴分业务分道具统计报表','10','1','0','0',NULL,NULL,'0'), ('13682','合作伙伴分业务分道具统计月报','10135','fixedReport.do?fixedReportId=121144','合作伙伴分业务分道具统计月报','5','1','0','1','huolejing',NULL,'0'), ('13683','包月业务统计','14205','fixedReport.do?fixedReportId=121145&af=cpService2','合作伙伴包月业务统计报表','6','1','0','0',NULL,NULL,'0'), ('13684','套餐包业务分省分渠道一级分类日报','12603','fixedReport.do?fixedReportId=121150','合管方套餐包业务分省分渠道一级分类日报','14','1','0','0',NULL,NULL,'0'), ('13686','分省分渠道一级分类','12571','fixedReport.do?fixedReportId=121152','单机分省分渠道一级分类异常监控日报','0','1','0','0',NULL,NULL,'0'), ('13667','分省单机收入监控日报','10149','fixedReport.do?fixedReportId=100767','分省单机收入监控日报','6','1','0','0',NULL,NULL,'0'), ('13741','游戏测试考评系数维护','13722','fixedReport.do?fixedReportId=121159','游戏测试考评系数维护','1','1','0','0',NULL,NULL,'0'), ('13724','非包月游戏分业务日报 ','14205','fixedReport.do?fixedReportId=100098','非包月游戏分业务日报 ','4','1','0','0',NULL,NULL,'0'), ('13725','合作方分省分业务月报 ','14231','fixedReport.do?fixedReportId=100182','合作方分省分业务月报 ','0','1','0','0',NULL,NULL,'1'), ('13762','实时数据','13461',NULL,'实时数据','7','0','0','0',NULL,NULL,'0'), ('13763','合作伙伴分业务实时付费图表','13762','reldata/relfeeReport.do','合作伙伴分业务实时付费图表','0','1','0','0',NULL,NULL,'0'), ('13782','资质引入工作汇总','13784','fixedReport.do?fixedReportId=121163','资质引入工作汇总','1','1','0','0',NULL,NULL,'0'), ('13801','资质引入及日常申报流程监控','13764','monitor/qualificationReport.do','资质引入及日常申报流程监控','1','1','0','0',NULL,NULL,'0'), ('13783','生产流程专区','1',NULL,'生产流程专区','8','0','0','0',NULL,NULL,'0'), ('13784','合作伙伴引入流程','13783',NULL,'合作伙伴引入流程','0','0','0','0',NULL,NULL,'0'), ('13861','月报','13841',NULL,'月报','0','0','0','1','freedom',NULL,'0'), ('13843','健康度监控月报','14348','fixedReport.do?fixedReportId=100406','健康度监控月报','8','1','0','0',NULL,NULL,'0'), ('13865','业务优选','10129',NULL,'业务优选','13','0','0','0',NULL,NULL,'0'), ('13883','IP与游戏业务对应关系导入','10493','fileImport.do?impConfId=10500','IP与游戏业务对应关系导入','3','1','0','0',NULL,NULL,'0'), ('13884','IP与游戏业务对应关系查询','10493','ipgame.do','IP与游戏业务对应关系查询','4','1','0','0',NULL,NULL,'0'), ('13885','WWW门户','13102','datareport/userdatas.do?pagetype=1','WWW门户','1','1','0','0',NULL,NULL,'0'), ('13972','数据维护','10359',NULL,'数据维护','4','0','0','1','huolejing',NULL,'0'), ('13973','一线客服投诉数据维护','13972','fixedReport.do?fixedReportId=121185','一线客服投诉数据维护','0','1','0','1','huolejing',NULL,'0'), ('14026','SDK更新率','10136','fixedReport.do?fixedReportId=121220&af=sdkUpdateRate','合管方SDK更新率报表','8','1','0','0',NULL,NULL,'0'), ('14027','新SDK版本配置','6',NULL,'新SDK版本配置','19','0','0','0',NULL,NULL,'0'), ('14066','月报扶植期配置表','6',NULL,'月报扶植期配置表','20','0','0','0',NULL,NULL,'0'), ('14105','独立包营销支撑费商务模式统计月报','10130','fixedReport.do?fixedReportId=121205','独立包营销支撑费商务模式统计月报','10','1','0','0',NULL,NULL,'0'), ('14106','安全计费业务付费漏斗分析','13487',NULL,'安全计费业务付费漏斗分析','6','0','0','0',NULL,NULL,'0'), ('14107','portalone平台付费流程转化分析(次数)','14106','income/portaloneTransReport.do','portalone平台付费流程转化分析(次数)','2','1','0','0',NULL,NULL,'0'), ('14071','客服','10134',NULL,'客服','7','0','0','1','huolejing',NULL,'0'), ('14210','信息费报表','14183','fixedReport.do?merge_id=208&merge_title=选择报表周期','信息费报表','4','0','0','0',NULL,NULL,'0'), ('14213','分省分渠道分套餐包','14205','fixedReport.do?merge_id=13744&merge_title=选择报表周期','分省分渠道分套餐包报表','16','0','0','0',NULL,NULL,'0'), ('14219','SDK分业务报表','11105','fixedReport.do?merge_id=11108&merge_title=选择报表周期','SDK分业务报表','4','0','0','0',NULL,NULL,'0'), ('14220','SDK分业务分渠道报表','11105','fixedReport.do?merge_id=11110&merge_title=选择报表周期','SDK分业务分渠道报表','4','0','0','0',NULL,NULL,'0'), ('14233','Touchpay分业务报表','13323','fixedReport.do?merge_id=13324&merge_title=选择报表周期','Touchpay分业务报表','3','0','0','0',NULL,NULL,'0'), ('14234','Touchpay分业务分渠道报表','13323','fixedReport.do?merge_id=13326&merge_title=选择报表周期','Touchpay分业务分渠道报表','4','0','0','0',NULL,NULL,'0'), ('14235','游戏包总表','10130','fixedReport.do?merge_id=10354&merge_title=选择报表周期','游戏包总表','14','0','0','0',NULL,NULL,'0'), ('14236','游戏包网元报表','10130','fixedReport.do?merge_id=13324&merge_title=选择报表周期','游戏包网元报表','14','0','0','1','huolejing',NULL,'0'), ('14237','包月SDK业务报表','10130','fixedReport.do?merge_id=11153&merge_title=选择报表周期','包月SDK业务报表','15','0','0','0',NULL,NULL,'0'), ('14269','一级货架','10134',NULL,'一级货架','7','0','0','0',NULL,NULL,'0'), ('14274','1','14305','ss',NULL,'1','1','0','1','huolejing',NULL,'0'), ('14275','包月订购转化率统计报表','10130','fixedReport.do?fixedReportId=121222','包月订购转化率统计报表','16','1','0','0',NULL,NULL,'0'), ('14345','家庭游戏支付方式月报','14249','fixedReport.do?fixedReportId=120005','家庭游戏支付方式月报','1','1','0','0',NULL,NULL,'1'), ('14346','分账号类型','14364',NULL,NULL,'2','0','0','1','freedom',NULL,'0'), ('13428','点播类分渠道日报','10129',NULL,'点播类分渠道日报','20','0','0','0',NULL,NULL,'0'), ('13429','点播类分渠道月报','10129',NULL,'点播类分渠道月报','21','0','0','0',NULL,NULL,'0'), ('13430','PC网游日报','10151','fixedReport.do?fixedReportId=100707','PC网游日报','0','1','0','1','freedom',NULL,'1'), ('13742','合作方分省分业务日报 ','14231','fixedReport.do?fixedReportId=100103','合作方分省分业务日报 ','1','1','0','0',NULL,NULL,'1'), ('13766','内容申报流程监控','13764','monitor/declareReport.do','内容申报流程监控','0','1','0','0',NULL,NULL,'0'), ('13781','资质引入统计','13784','fixedReport.do?fixedReportId=121161&af=cpService4','资质引入统计报表','0','1','0','0',NULL,NULL,'0'), ('13482','新增用户','13464','analysis/newUserReport.do','新增用户','0','1','0','0',NULL,NULL,'0'), ('13483','活跃用户','13464','analysis/actUserReport.do','活跃用户','1','1','0','0',NULL,NULL,'0'), ('13468','用户流失','13464','analysis/lostUserReport.do','用户流失','4','1','0','0',NULL,NULL,'0'), ('13485','游戏习惯','13464','analysis/playTimeReport.do','游戏习惯','5','1','0','0',NULL,NULL,'0'), ('14344','家庭游戏支付方式日报','14249','fixedReport.do?fixedReportId=120004','家庭游戏支付方式日报','0','1','0','0',NULL,NULL,'1'), ('13477','分门户报表','10833','fixedReport.do?merge_id=10834&merge_title=选择门户','分门户报表','4','0','0','0',NULL,NULL,'0'), ('13494','产品分省','10128','fixedReport.do?merge_id=10960&merge_title=选择报表周期','游戏大厅产品报表-分省','3','0','0','0',NULL,NULL,'0'), ('13495','游戏大厅任务统计报表','10128','fixedReport.do?merge_id=12987&merge_title=选择报表周期','游戏大厅任务统计报表','22','0','0','1','freedom',NULL,'0'), ('13496','营销广告','10128','fixedReport.do?merge_id=10394&merge_title=选择报表周期','游戏大厅营销广告报表','11','0','0','0',NULL,NULL,'0'), ('13497','客户端升级','10128','fixedReport.do?merge_id=13067&merge_title=选择报表周期','游戏大厅客户端升级报表','14','0','0','0',NULL,NULL,'0'), ('13498','信息推送','10128','fixedReport.do?merge_id=10615&merge_title=选择报表周期','游戏大厅信息推送报表','12','0','0','0',NULL,NULL,'0'), ('13522','分小时','10128','fixedReport.do?merge_id=10675&merge_title=选择报表周期','游戏大厅分小时报表','5','0','0','0',NULL,NULL,'0'), ('13545','用户分析（按小时）','13544','gamehall/hour/userReport.do','用户分析（按小时）','0','1','0','0',NULL,NULL,'0'), ('13546','分渠道用户分析（按小时）','13544','gamehall/hour/channelReport.do','分渠道用户分析（按小时）','1','1','0','0',NULL,NULL,'0'), ('13563','SPM整体报表','13210','fixedReport.do?merge_id=13211&merge_title=选择报表周期','SPM整体报表','0','0','0','1','freedom',NULL,'0'), ('13564','设置访问报表','13210','fixedReport.do?merge_id=13214&merge_title=选择报表周期','设置访问报表','0','0','0','1','freedom',NULL,'0'), ('13581','MP分业务统计数据报表','13864','fixedReport.do?fixedReportId=130100','MP分业务统计数据报表','0','1','0','0',NULL,NULL,'0'), ('13621','sda','10044','ddfsaf','ss','0','1','0','1','freedom',NULL,'0'), ('13662','分业务分省分渠道一级分类日报','12603','fixedReport.do?fixedReportId=121149','合管方分业务分省分渠道一级分类日报','13','1','0','0',NULL,NULL,'0'), ('13685','分合作伙伴分省分分渠道一级分类日报','12603','fixedReport.do?fixedReportId=121151','合管方分合作伙伴分省分分渠道一级分类日报','15','1','0','0',NULL,NULL,'0'), ('13663','分省分渠道一级分类','12573','fixedReport.do?fixedReportId=121153','网游分省分渠道一级分类异常监控日报','0','1','0','0',NULL,NULL,'0'), ('13687','分省分渠道一线分类','12575','fixedReport.do?fixedReportId=121154','包月分省分渠道一线分类异常监控日报','0','1','0','0',NULL,NULL,'0'), ('13694','合作伙伴分业务分道具统计报表','13691','fixedReport.do?fixedReportId=121143&af=cpService3','合作伙伴分业务分道具统计报表','0','1','0','0',NULL,NULL,'0'), ('13841','用户中心专区','1',NULL,'用户中心专区','9','0','0','0',NULL,NULL,'0'), ('13901','安卓门户','13102','datareport/userdatas.do?pagetype=2','安卓门户','2','1','0','0',NULL,NULL,'0'), ('13902','WWW门户','13103','datareport/businessdatas.do?pagetype=1','WWW门户','1','1','0','0',NULL,NULL,'0'), ('13903','安卓门户','13103','datareport/businessdatas.do?pagetype=2','安卓门户','2','1','0','0',NULL,NULL,'0'), ('13965','点数充值及消费月报','14183','fixedReport.do?fixedReportId=121181','点数充值及消费月报','1','1','0','0',NULL,NULL,'0'), ('13967','分产品线收入异常监控报表','14352','fixedReport.do?fixedReportId=121186&af=cpService6','分小时异常监控报表','0','1','0','0',NULL,NULL,'0'), ('13969','分业务收入结算源数据导入报表','10493','fixedReport.do?fixedReportId=121197','分业务收入结算源数据导入报表','5','1','0','0',NULL,NULL,'0'), ('13970','游戏玩家营销支撑费商务模式统计报表','10137','fixedReport.do?fixedReportId=121194','游戏玩家营销支撑费商务模式统计报表','4','1','0','0',NULL,NULL,'0'), ('14043','SDK触发型推送统计报表','13087','fixedReport.do?fixedReportId=121176','SDK触发型推送统计报表','5','1','0','0',NULL,NULL,'0'), ('14063','test','13210','fixedReport.do?merge_id=13244&merge_title=选择报表周期',NULL,'2','0','0','1','freedom',NULL,'0'), ('14204','用户数报表','10120',NULL,'用户数报表','2','0','0','0',NULL,NULL,'0'), ('14084','测试2','14083','fixedReport.do?merge_id=13244&merge_title=选择报表周期',NULL,'0','0','0','1','freedom',NULL,'0'), ('14224','下载及付费','14204',NULL,'下载及付费','12','0','0','1','huolejing',NULL,'0'), ('14225','下载及付费报表','10120',NULL,'下载及付费报表','3','0','0','0',NULL,NULL,'0'), ('14226','其他报表','10120',NULL,'其他报表','4','0','0','0',NULL,NULL,'0'), ('14206','分析专区','10134',NULL,'分析专区','1','0','0','0',NULL,NULL,'0');
INSERT INTO `tb_bi_menu` VALUES ('14207','渠道统计','10134',NULL,'渠道统计','7','0','0','1','huolejing',NULL,'0'), ('14227','服务管控','10134',NULL,'服务管控','7','0','0','1','huolejing',NULL,'0'), ('14229','二线客服投诉','10134',NULL,'二线客服投诉','7','0','0','1','huolejing',NULL,'0'), ('14209','手机客户端网d游','10129',NULL,NULL,'5','0','0','1','huolejing',NULL,'0'), ('14230','游戏下载报表','14225','fixedReport.do?merge_id=10108&merge_title=选择报表周期','游戏下载报表','1','0','0','0',NULL,NULL,'0'), ('14231','分省分业务','14205','fixedReport.do?merge_id=13742&merge_title=选择报表周期','分省分业务报表','14','0','0','0',NULL,NULL,'0'), ('14232','portalone平台付费流程转化分析(用户数)','14106','income/portaloneTransUserReport.do','portalone平台付费流程转化分析(用户数)','5','1','0','0',NULL,NULL,'0'), ('14238','分业务报表','13863','fixedReport.do?merge_id=10274&merge_title=选择报表周期','分业务报表','1','0','0','0',NULL,NULL,'0'), ('14239','分渠道报表','13863','fixedReport.do?merge_id=10276&merge_title=选择报表周期','分渠道报表','2','0','0','0',NULL,NULL,'0'), ('14240','分道具报表','13863','fixedReport.do?merge_id=10275&merge_title=选择报表周期','分道具报表','3','0','0','0',NULL,NULL,'0'), ('14241','总表','13845','fixedReport.do?merge_id=10961&merge_title=选择报表周期','总表','5','0','0','0',NULL,NULL,'0'), ('14242','论坛报表','13845','fixedReport.do?merge_id=12289&merge_title=选择报表周期','论坛报表','6','0','0','0',NULL,NULL,'0'), ('14243','分业务报表','13844','fixedReport.do?merge_id=10238&merge_title=选择报表周期','分业务报表','1','0','0','0',NULL,NULL,'0'), ('14244','分渠道报表','13844','fixedReport.do?merge_id=10240&merge_title=选择报表周期','分渠道报表','2','0','0','0',NULL,NULL,'0'), ('14245','分业务分渠道报表','10142','fixedReport.do?merge_id=421&merge_title=选择报表周期','分业务分渠道报表','1','0','0','0',NULL,NULL,'0'), ('14246','SDK汇总报表','12524','fixedReport.do?merge_id=12525&merge_title=选择报表周期','SDK汇总报表','2','0','0','0',NULL,NULL,'0'), ('14247','SDK分业务报表报表','12524','fixedReport.do?merge_id=12527&merge_title=选择报表周期','SDK分业务报表报表','3','0','0','0',NULL,NULL,'0'), ('14248','SDK分业务分渠道报表报表','12524','fixedReport.do?merge_id=12529&merge_title=选择报表周期','SDK分业务分渠道报表报表','5','0','0','0',NULL,NULL,'0'), ('14249','支付方式报表报表','12524','fixedReport.do?merge_id=14344&merge_title=选择报表周期','支付方式报表报表','4','0','0','0',NULL,NULL,'0'), ('14250','SDK分业务分渠道用户行为报表','12524','fixedReport.do?merge_id=13961&merge_title=选择报表周期','SDK分业务分渠道用户行为报表','6','0','0','0',NULL,NULL,'0'), ('14264','游戏大厅注册用户产品收入日报','10128','fixedReport.do?fixedReportId=121217','游戏大厅注册用户产品收入日报','22','1','0','0',NULL,NULL,'0'), ('14267','监控日报（指定赠送点数）','14272','fixedReport.do?fixedReportId=121210','指定赠送点数监控日报','3','1','0','0',NULL,NULL,'0'), ('14268','监控月报（指定赠送点数）','14272','fixedReport.do?fixedReportId=121211','指定赠送点数监控表月报','4','1','0','0',NULL,NULL,'0'), ('14270','信息费总表日报','14269','fixedReport.do?fixedReportId=121214','一级货架信息费总表日报','1','1','0','0',NULL,NULL,'0'), ('14271','IDO分业务分渠道订购月报','14269','fixedReport.do?fixedReportId=121216','一级货架IDO分业务分渠道订购月报','2','1','0','0',NULL,NULL,'0'), ('14272','赠送点数','10120',NULL,'赠送点数','5','0','0','0',NULL,NULL,'0'), ('14273','游戏大厅分小时月报-分渠道','13522','fixedReport.do?fixedReportId=100392','游戏大厅分小时月报-分渠道','1','1','0','0',NULL,NULL,'1'), ('14425','合管方业务运营指标报表','10136','fixedReport.do?fixedReportId=121224','合管方业务运营指标报表','8','1','0','0',NULL,NULL,'0'), ('14464','游戏大厅链接报表','10128','fixedReport.do?fixedReportId=130340','游戏大厅链接报表','15','1','0','0',NULL,NULL,'0'), ('14146','SDK启动日志行为分析','13461',NULL,'SDK启动日志行为分析','8','0','0','0',NULL,NULL,'0'), ('14147','SDK启动用户联网状态日报','14146','sdklog/networkReport.do','SDK启动用户联网状态日报','0','1','0','0',NULL,NULL,'0'), ('14148','SDK启动用户当日上传联网日志比例日报','14146','sdklog/netpercentReport.do','SDK启动用户当日上传联网日志比例日报','1','1','0','0',NULL,NULL,'0'), ('14150','SDK启动用户当日上传联网日志比例日报','14146','sdklog/netpercentReport_cqx.do','SDK启动用户当日上传联网日志比例日报','2','1','0','0',NULL,NULL,'0'), ('14151','积分商城积分兑换点数报表','10147','fixedReport.do?fixedReportId=105531','积分商城积分兑换点数报表','2','1','0','0',NULL,NULL,'0'), ('14152','测试缓存','10120','/baidu.com','测试缓存','6','1','0','0',NULL,NULL,'0'), ('14153','渠道推广信息配置','6',NULL,'渠道推广信息配置','21','1','0','1','freedom',NULL,'0'), ('14154','渠道推广信息配置','6',NULL,'渠道推广信息配置','21','0','0','1','freedom',NULL,'0'), ('14155','测试','10124','www.baidu.com','测试','7','1','0','0',NULL,NULL,'0'), ('14156','增加菜单','0','www.baidu.com','增加菜单','9','1','0','0',NULL,NULL,'0'), ('14157','用户中心标签配置','6',NULL,'用户中心标签配置','21','0','0','0',NULL,NULL,'0'), ('14158','消费群体配置','14157','userConsume.do','消费群体配置','0','1','0','0',NULL,NULL,'0'), ('14159','渠道推广信息配置','6',NULL,'渠道推广信息配置','22','0','0','0',NULL,NULL,'0'), ('14160','游戏玩家分省推广结算信息配置','14159','gameMonth.do',NULL,'0','1','0','0',NULL,NULL,'0'), ('14161','游戏大厅分省CPA推广信息配置','14159','cpagameMonth.do',NULL,'1','1','0','0',NULL,NULL,'0'), ('14170','支付开始页面推广位统计日报','13844','fixedReport.do?fixedReportId=105562','支付开始页面推广位统计日报','3','1','0','0',NULL,NULL,'0'), ('14171','支付结束页面推广位统计日报','13844','fixedReport.do?fixedReportId=105582','支付结束页面推广位统计日报','4','1','0','0',NULL,NULL,'0'), ('14172','月报','10137',NULL,'月报','6','0','0','0',NULL,NULL,'0'), ('14173','游戏玩家营销推广统计月报','14172','fixedReport.do?fixedReportId=105536','游戏玩家营销推广统计月报','0','1','0','0',NULL,NULL,'0'), ('14174','游戏大厅分省CPA推广统计月报','14172','fixedReport.do?fixedReportId=105535','游戏大厅分省CPA推广统计月报','1','1','0','0',NULL,NULL,'0'), ('14175','游戏大厅外部CPA推广统计月报','14172','fixedReport.do?fixedReportId=105534','游戏大厅外部CPA推广统计月报','2','1','0','0',NULL,NULL,'0'), ('14176','测试','13846',NULL,'测试','3','0','0','1','freedom',NULL,'0'), ('14177','tst','14176',NULL,'tst','0','1','0','1','freedom',NULL,'0'), ('14178','游戏大厅联网方式日报','10128','fixedReport.do?fixedReportId=105603','游戏大厅联网方式日报','16','1','0','0',NULL,NULL,'0'), ('14179','测试1','13722','www.baidu.com','www.baidu.com','2','0','0','0',NULL,NULL,'0'), ('14180','测试2','14179','www.baidu.com','www.baidu.com','0','0','0','0',NULL,NULL,'0'), ('14181','测试3','14180','www.baidu.com','www.baidu.com','0','0','0','0',NULL,NULL,'0'), ('14182','测试4','14181','www.baidu.com','www.baidu.com','0','0','0','0',NULL,NULL,'0'), ('14185','CP自定义事件统计','13689',NULL,'CP自定义事件统计','3','0','0','0',NULL,NULL,'0'), ('14186','CP自定义事件统计报表','14185','cp/cpEventReport.do','CP自定义事件统计报表','0','1','0','0',NULL,NULL,'0');
INSERT INTO `t_complat_group` VALUES ('2','test11','1',NULL), ('44','22','1','22'), ('57','121123','0','11213'), ('1','test_1','0','test'), ('58','1231','121','1'), ('59','www','1','2');
INSERT INTO `t_complat_menuinfo` VALUES ('2','固定报表','/manager/user/list.do','1','0','1',NULL,NULL,'user'), ('4','主题分析','/manager/role/list.do','1','0','1',NULL,'1','role'), ('1','首页','/manager/index.do','1','0','1',NULL,NULL,'index'), ('6','实时统计','/manager/index.do','1','0','1',NULL,NULL,'sys'), ('7','数据提取','/manager/index.do','1','0','1',NULL,NULL,'ur'), ('8','指标专区','/manager/user/list.do','1','2','1',NULL,NULL,NULL), ('9','配置管理','/manager/user/list.do','1','0','1',NULL,NULL,NULL), ('10','权限管理',NULL,'1','9','1',NULL,NULL,NULL), ('11','用户管理','/user/init.do','2','10','1',NULL,NULL,NULL), ('12','角色管理','/user/init.do','2','10','1',NULL,NULL,NULL), ('13','菜单管理','/menu/init.do','2','10','1',NULL,NULL,NULL);
INSERT INTO `t_complat_right` VALUES ('3','2','main','???','index','??'), ('4',NULL,'user','??????',NULL,NULL), ('6','4','user','??????','list','???'), ('8','4','user','??????','modify','???'), ('11','10','right','??????','list','???'), ('17',NULL,'role','??????',NULL,NULL), ('19','17','role','??????','list','???'), ('21','17','role','??????','modify','???'), ('9','4','user','??????','add','???'), ('10',NULL,'right','??????',NULL,NULL), ('5','4','user','??????','remove','???'), ('18','17','role','??????','remove','???'), ('20','0','role','??????','right_submit','??????'), ('22','0','role','??????','add','???');
INSERT INTO `t_complat_role` VALUES ('1','????2233','1','6',NULL), ('21','1133','1','2',NULL), ('22','3213','1','1',NULL), ('32','edws','1','6',NULL), ('25','323','1','1',NULL), ('26','12','1','1',NULL), ('37','wseda','1','6',NULL), ('6','231344','1','6',NULL), ('38','332332','1','6',NULL);
INSERT INTO `t_complat_rolerelation` VALUES ('2','1','1',NULL), ('21','3','1',NULL), ('22','3',NULL,NULL), ('41','3','3',NULL);
INSERT INTO `t_complat_roleright` VALUES ('22','1','4'), ('20','3','5'), ('16','3','4'), ('18','3','8'), ('21','3','7'), ('23','1','6'), ('17','3','6'), ('19','3','9');
INSERT INTO `t_complat_user` VALUES ('3','lucy','fb6f5f8c1bde0c1e6fc473db7dba3086','lucy','0','2015-05-13 14:29:01','44','12312312223','123-12312332','12312','111@11.com','123@qq.com',NULL,'江苏南京','210000','1','1','24'), ('4','32','fb6f5f8c1bde0c1e6fc473db7dba3086','fsdf','1','2015-05-13 14:29:15','1','324324',NULL,NULL,NULL,NULL,NULL,NULL,NULL,'1','1',NULL), ('26','ddd','fb6f5f8c1bde0c1e6fc473db7dba3086','ddd','1','2015-05-22 15:24:38','1',NULL,NULL,NULL,NULL,NULL,NULL,NULL,NULL,'1','1',NULL), ('27','ccc1@163.com','123456','cccc','1','2015-05-22 15:25:57','1',NULL,NULL,NULL,NULL,NULL,NULL,NULL,NULL,'1','1',NULL), ('28','lucy','fb6f5f8c1bde0c1e6fc473db7dba3086','lucy','0','2015-05-13 14:29:01','44','12312312223','123-12312332','12312','111@11.com','123@qq.com',NULL,'江苏南京','210000','1','1','24'), ('29','32','fb6f5f8c1bde0c1e6fc473db7dba3086','fsdf','1','2015-05-13 14:29:15','1','324324',NULL,NULL,NULL,NULL,NULL,NULL,NULL,'1','1',NULL), ('30','ddd','fb6f5f8c1bde0c1e6fc473db7dba3086','ddd','1','2015-05-22 15:24:38','1',NULL,NULL,NULL,NULL,NULL,NULL,NULL,NULL,'1','1',NULL), ('31','ccc2@163.com','123456','cccc','1','2015-05-22 15:25:57','1',NULL,NULL,NULL,NULL,NULL,NULL,NULL,NULL,'1','1',NULL), ('32','lucy','fb6f5f8c1bde0c1e6fc473db7dba3086','lucy','0','2015-05-13 14:29:01','44','12312312223','123-12312332','12312','111@11.com','123@qq.com',NULL,'江苏南京','210000','1','1','24'), ('33','32','fb6f5f8c1bde0c1e6fc473db7dba3086','fsdf','1','2015-05-13 14:29:15','1','324324',NULL,NULL,NULL,NULL,NULL,NULL,NULL,'1','1',NULL), ('34','ddd','fb6f5f8c1bde0c1e6fc473db7dba3086','ddd','1','2015-05-22 15:24:38','1',NULL,NULL,NULL,NULL,NULL,NULL,NULL,NULL,'1','1',NULL), ('35','ccc3@163.com','123456','cccc','1','2015-05-22 15:25:57','1',NULL,NULL,NULL,NULL,NULL,NULL,NULL,NULL,'1','1',NULL), ('36','lucy','fb6f5f8c1bde0c1e6fc473db7dba3086','lucy','0','2015-05-13 14:29:01','44','12312312223','123-12312332','12312','111@11.com','123@qq.com',NULL,'江苏南京','210000','1','1','24'), ('37','32','fb6f5f8c1bde0c1e6fc473db7dba3086','fsdf','1','2015-05-13 14:29:15','1','324324',NULL,NULL,NULL,NULL,NULL,NULL,NULL,'1','1',NULL), ('38','ddd','fb6f5f8c1bde0c1e6fc473db7dba3086','ddd','1','2015-05-22 15:24:38','1',NULL,NULL,NULL,NULL,NULL,NULL,NULL,NULL,'1','1',NULL), ('39','ccc@163.com','123456','cccc','1','2015-05-22 15:25:57','1',NULL,NULL,NULL,NULL,NULL,NULL,NULL,NULL,'1','1',NULL), ('40','lucy',NULL,'lucy','0',NULL,NULL,NULL,'123-12312332',NULL,'111@11.com','123@qq.com',NULL,'江苏南京','210000','1',NULL,'24'), ('41','ccc@163.com',NULL,'huangtsoftware','0',NULL,NULL,NULL,'18551639874',NULL,'huangtsoftware@163.com','232',NULL,'江苏南京','452525','1',NULL,'3245');
